,date,stock_id,Trading_Volume,Trading_money,open,max,min,close,spread,Trading_turnover
0,2018-06-28,4989,9135161,291849161,31.0,34.1,30.4,33.3,0.0,4852
1,2018-06-29,4989,8573900,291641240,32.0,36.2,32.0,35.55,2.25,4114
2,2018-07-02,4989,9239438,335233799,36.0,37.25,35.4,36.4,0.85,4818
3,2018-07-03,4989,4121477,144455884,35.55,36.0,34.0,34.25,-2.15,2410
4,2018-07-04,4989,1537450,52416787,34.2,34.9,33.35,34.25,0.0,922
5,2018-07-05,4989,3755237,133684151,34.7,36.5,34.6,35.5,1.25,2144
6,2018-07-06,4989,2537003,87754851,34.9,35.45,33.5,34.9,-0.6,1462
7,2018-07-10,4989,1352611,45107889,33.65,33.75,33.05,33.25,-0.75,856
8,2018-07-11,4989,1595010,54031100,33.1,35.2,32.7,35.1,1.85,1070
9,2018-07-12,4989,1432494,49674389,34.55,35.2,34.25,34.5,-0.6,883
10,2018-07-13,4989,1006398,34881798,34.6,35.1,34.4,34.55,0.05,574
11,2018-07-16,4989,909500,31390648,34.65,34.85,34.15,34.5,-0.05,530
12,2018-07-17,4989,1721242,60031516,34.5,35.45,34.4,35.3,0.8,1039
13,2018-07-18,4989,2407333,84697285,35.5,35.55,34.8,35.3,0.0,1285
14,2018-07-19,4989,1017300,32860405,32.5,32.5,32.1,32.2,0.0,673
15,2018-07-20,4989,986850,31139605,32.15,32.15,31.3,31.3,-0.9,592
16,2018-07-23,4989,5296482,178642538,33.1,34.4,32.4,34.15,2.85,2717
17,2018-07-24,4989,6647898,226020811,33.0,35.0,32.6,34.85,0.7,2684
18,2018-07-26,4989,5315767,192507312,37.0,37.0,35.65,36.05,-1.35,2833
19,2018-07-27,4989,1787783,64215688,35.85,36.65,35.5,35.7,-0.35,1138
20,2018-07-30,4989,1930000,66490300,35.5,35.5,33.9,34.2,-1.5,1236
21,2018-07-31,4989,879090,29844390,34.2,34.5,33.6,33.8,-0.4,577
22,2018-08-01,4989,1026810,34629774,34.0,34.1,33.4,33.55,-0.25,624
23,2018-08-02,4989,1550032,50542780,33.5,33.55,32.1,32.35,-1.2,860
24,2018-08-03,4989,510250,16704437,33.15,33.15,32.55,32.65,0.3,337
25,2018-08-06,4989,473015,15297535,32.65,32.85,32.2,32.2,-0.45,326
26,2018-08-07,4989,583100,19087019,32.2,33.35,32.2,33.2,1.0,391
27,2018-08-08,4989,585390,19195714,33.15,33.15,32.6,32.65,-0.55,322
28,2018-08-09,4989,407260,13167835,32.65,32.9,32.2,32.25,-0.4,249
29,2018-08-10,4989,398600,12909130,32.4,32.7,32.15,32.2,-0.05,272
30,2018-08-13,4989,1105880,33839480,31.0,31.4,30.1,31.3,-0.9,654
31,2018-08-14,4989,1223050,38783210,31.8,32.15,31.1,31.9,0.6,724
32,2018-08-15,4989,469708,14635285,31.9,31.9,30.85,30.9,-1.0,335
33,2018-08-16,4989,311258,9509220,30.55,31.0,30.1,30.6,-0.3,212
34,2018-08-17,4989,276150,8453852,30.6,30.95,30.4,30.4,-0.2,168
35,2018-08-20,4989,579952,17218349,30.3,30.4,29.15,29.15,-1.25,383
36,2018-08-21,4989,678000,19551249,29.0,29.5,28.5,29.5,0.35,373
37,2018-08-22,4989,215800,6365770,29.65,29.85,29.35,29.4,-0.1,148
38,2018-08-23,4989,296689,8640548,29.4,29.45,28.95,29.0,-0.4,187
39,2018-08-24,4989,226200,6527400,29.0,29.0,28.8,28.8,-0.2,127
40,2018-08-27,4989,133000,3853300,28.65,29.15,28.65,29.0,0.2,100
41,2018-08-28,4989,210100,6114830,29.1,29.3,29.0,29.05,0.05,125
42,2018-08-29,4989,164100,4763415,29.0,29.25,28.8,29.05,0.0,105
43,2018-08-30,4989,132200,3840950,28.85,29.2,28.85,29.05,0.0,100
44,2018-08-31,4989,165000,4766300,29.0,29.05,28.7,29.0,-0.05,106
45,2018-09-03,4989,222000,6466100,29.0,29.8,28.85,28.85,-0.15,165
46,2018-09-04,4989,120000,3501550,28.9,29.35,28.9,29.15,0.3,94
47,2018-09-05,4989,141200,4085420,29.15,29.25,28.85,28.85,-0.3,100
48,2018-09-06,4989,429100,12143900,28.8,28.8,28.0,28.0,-0.85,276
49,2018-09-07,4989,556500,14813600,27.8,27.8,25.55,26.1,-1.9,371
50,2018-09-10,4989,328600,8270439,26.55,26.55,24.8,24.9,-1.2,224
51,2018-09-11,4989,173951,4351525,25.5,25.5,24.8,25.2,0.3,117
52,2018-09-12,4989,254550,6280574,25.1,25.1,24.5,24.5,-0.7,167
53,2018-09-13,4989,358370,8857639,24.4,25.1,24.2,24.7,0.2,205
54,2018-09-14,4989,235180,6024490,25.1,25.85,25.1,25.65,0.95,186
55,2018-09-17,4989,230200,5947139,25.9,26.3,25.5,25.65,0.0,153
56,2018-09-18,4989,134100,3427460,25.5,26.0,25.35,25.6,-0.05,89
57,2018-09-19,4989,143000,3646450,25.6,25.7,25.3,25.35,-0.25,102
58,2018-09-20,4989,88000,2215950,25.3,25.4,25.05,25.05,-0.3,56
59,2018-09-21,4989,95050,2386910,25.1,25.35,25.0,25.2,0.15,62
60,2018-09-25,4989,154005,3830675,25.2,25.25,24.7,24.9,-0.3,79
61,2018-09-26,4989,163282,4040114,24.65,25.0,24.55,24.6,-0.3,106
62,2018-09-28,4989,682230,16576685,25.35,25.35,24.0,24.0,-1.05,381
63,2018-10-01,4989,1014100,23565000,24.0,24.0,22.95,23.2,-0.8,568
64,2018-10-02,4989,376000,8735850,23.35,23.6,23.0,23.0,-0.2,233
65,2018-10-03,4989,828200,18423350,23.0,23.05,21.95,22.1,-0.9,474
66,2018-10-04,4989,616600,13213970,22.15,22.4,21.1,21.2,-0.9,380
67,2018-10-05,4989,664100,13570570,21.0,21.0,20.15,20.35,-0.85,316
68,2018-10-08,4989,587000,11692250,20.7,20.7,19.2,20.0,-0.35,327
69,2018-10-09,4989,336200,6735550,20.0,20.35,19.9,19.95,-0.05,191
70,2018-10-11,4989,734100,13320420,18.05,18.7,18.0,18.05,-1.9,322
71,2018-10-15,4989,185500,3540373,18.85,19.4,18.85,19.0,0.15,131
72,2018-10-16,4989,102300,1968425,19.4,19.4,19.1,19.25,0.25,71
73,2018-10-17,4989,149000,2845200,19.25,19.35,18.9,18.9,-0.35,105
74,2018-10-18,4989,135001,2543668,18.65,19.15,18.65,18.7,-0.2,79
75,2018-10-19,4989,122000,2217400,18.5,18.55,18.1,18.2,-0.5,79
76,2018-10-22,4989,305358,5546258,18.15,18.5,17.95,18.45,0.25,164
77,2018-10-23,4989,439006,7871021,18.5,18.5,17.55,17.8,-0.65,189
78,2018-10-24,4989,123007,2179886,17.95,17.95,17.55,17.55,-0.25,74
79,2018-10-25,4989,366808,6216241,17.2,17.25,16.7,16.7,-0.85,182
80,2018-10-26,4989,253045,4142878,16.9,16.9,16.05,16.15,-0.55,137
81,2018-10-29,4989,316100,5050150,16.6,16.6,15.7,15.95,-0.2,102
82,2018-10-30,4989,109000,1721400,15.95,15.95,15.7,15.75,-0.2,72
83,2018-10-31,4989,360290,5768654,15.85,16.25,15.8,16.0,0.25,189
84,2018-11-02,4989,759047,13785610,18.2,18.5,18.0,18.2,0.6,471
85,2018-11-05,4989,179100,3181690,17.6,18.0,17.6,17.7,-0.5,115
86,2018-11-06,4989,153000,2691450,17.7,17.75,17.5,17.5,-0.2,102
87,2018-11-07,4989,158053,2786837,17.5,17.85,17.35,17.85,0.35,103
88,2018-11-08,4989,94000,1669400,18.0,18.0,17.6,17.6,-0.25,60
89,2018-11-09,4989,112000,1950800,17.6,17.6,17.3,17.45,-0.15,60
90,2018-11-12,4989,105000,1848850,17.25,17.85,17.25,17.55,0.1,81
91,2018-11-13,4989,194000,3318050,17.15,17.6,16.8,17.6,0.05,97
92,2018-11-14,4989,92000,1612550,17.45,17.7,17.4,17.7,0.1,61
93,2018-11-15,4989,327100,5848670,17.7,18.15,17.4,18.05,0.35,150
94,2018-11-16,4989,268000,4872100,18.1,18.45,18.0,18.3,0.25,171
95,2018-11-19,4989,336139,6280033,18.4,19.0,18.4,18.8,0.5,195
96,2018-11-20,4989,184000,3408600,18.65,18.65,18.4,18.5,-0.3,114
97,2018-11-21,4989,142000,2614150,18.3,18.55,18.25,18.5,0.0,88
98,2018-11-22,4989,157000,2905450,18.95,18.95,18.3,18.35,-0.15,97
99,2018-11-23,4989,149000,2708400,18.25,18.4,18.1,18.15,-0.2,88
100,2018-11-26,4989,85000,1551150,18.35,18.45,18.05,18.1,-0.05,65
101,2018-11-27,4989,487684,9420111,18.1,19.9,18.1,19.9,1.8,292
102,2018-11-28,4989,2073188,44293728,20.9,21.85,20.6,21.65,1.75,1158
103,2018-11-29,4989,988072,21089890,21.7,21.7,21.0,21.25,-0.4,528
104,2018-11-30,4989,346013,7286203,21.2,21.25,20.85,21.0,-0.25,234
105,2018-12-03,4989,650404,13973676,21.0,21.85,21.0,21.85,0.85,355
106,2018-12-04,4989,407308,8828986,21.85,21.9,21.45,21.55,-0.3,208
107,2018-12-05,4989,223668,4687628,20.85,21.25,20.8,21.2,-0.35,146
108,2018-12-06,4989,572100,11540890,20.9,20.9,19.65,19.75,-1.45,282
109,2018-12-07,4989,186000,3705150,20.1,20.2,19.55,20.0,0.25,119
110,2018-12-10,4989,165000,3226100,19.75,19.85,19.35,19.4,-0.6,91
111,2018-12-11,4989,114934,2267599,19.6,19.9,19.5,19.85,0.45,88
112,2018-12-12,4989,143000,2873650,19.9,20.25,19.85,20.15,0.3,105
113,2018-12-13,4989,149000,2988600,19.9,20.2,19.9,20.15,0.0,88
114,2018-12-14,4989,170000,3385950,20.1,20.1,19.85,20.0,-0.15,84
115,2018-12-17,4989,662000,13461600,20.0,21.2,19.8,20.45,0.45,206
116,2018-12-18,4989,1270405,27382899,20.4,22.0,20.1,22.0,1.55,670
117,2018-12-19,4989,3361107,78641939,23.05,24.1,22.95,24.1,2.1,1744
118,2018-12-20,4989,1936400,44566940,23.2,23.6,22.4,23.15,-0.95,934
119,2018-12-21,4989,4931923,121094439,23.25,25.45,22.8,25.45,2.3,2191
120,2018-12-24,4989,5893344,156429952,26.4,28.0,25.7,27.8,1.4,2479
121,2018-12-25,4989,4008141,106832617,26.5,27.8,26.1,27.05,-0.75,2093
122,2018-12-26,4989,5001754,139906531,27.65,28.8,27.25,27.4,0.35,2607
123,2018-12-27,4989,2683000,72603599,27.75,28.1,26.1,26.65,-0.75,1434
124,2018-12-28,4989,1459514,38218206,26.65,27.0,25.6,25.6,-1.05,942
125,2019-01-02,4989,1182155,29484904,25.75,25.85,24.2,24.9,-0.7,741
126,2019-01-03,4989,911686,22186351,24.85,24.85,23.9,23.9,-1.0,582
127,2019-01-04,4989,867500,19993974,23.8,23.8,22.5,22.9,-1.0,560
128,2019-01-07,4989,1299430,32112864,23.8,25.15,23.7,25.15,2.25,741
129,2019-01-08,4989,2795600,71440280,25.2,26.0,25.15,25.25,0.1,1655
130,2019-01-09,4989,1317016,33258758,25.4,25.8,24.9,25.05,-0.2,761
131,2019-01-10,4989,1070104,26998528,25.2,25.75,24.7,24.7,-0.35,654
132,2019-01-11,4989,2926676,75099809,25.05,26.85,24.5,26.3,1.6,1649
133,2019-01-14,4989,1133200,29166259,26.3,26.3,25.35,25.35,-0.95,710
134,2019-01-15,4989,775000,19606900,25.35,25.75,24.95,25.1,-0.25,501
135,2019-01-16,4989,2198500,57243550,25.3,26.5,25.0,25.4,0.3,1278
136,2019-01-17,4989,466000,11832350,25.4,25.75,25.2,25.2,-0.2,342
137,2019-01-18,4989,604100,15217230,25.6,25.6,25.1,25.1,-0.1,353
138,2019-01-21,4989,365000,9139050,25.4,25.4,24.7,24.7,-0.4,254
139,2019-01-22,4989,786400,19813109,24.9,25.65,24.75,24.75,0.05,537
140,2019-01-23,4989,343000,8561650,24.75,25.25,24.7,24.85,0.1,216
141,2019-01-24,4989,6238290,165401014,25.1,27.3,25.1,27.3,2.45,2930
142,2019-01-25,4989,8541512,234565345,27.55,28.1,26.6,26.6,-0.7,3832
143,2019-01-28,4989,1346100,35481910,26.55,26.95,25.8,26.1,-0.5,796
144,2019-01-29,4989,748683,19107729,25.9,26.05,25.15,25.45,-0.65,544
145,2019-01-30,4989,1375030,35737713,25.5,26.3,25.5,25.55,0.1,689
146,2019-02-11,4989,913405,23797817,25.85,26.25,25.85,25.85,0.3,410
147,2019-02-12,4989,706140,18620753,26.2,26.7,26.05,26.35,0.5,450
148,2019-02-13,4989,783100,20363580,26.6,26.6,25.6,25.75,-0.6,459
149,2019-02-14,4989,400000,10361500,25.7,26.1,25.7,25.85,0.1,248
150,2019-02-15,4989,736000,18625700,26.1,26.1,24.7,25.2,-0.65,430
151,2019-02-18,4989,507100,12791185,25.25,25.85,25.0,25.35,0.15,314
152,2019-02-19,4989,281100,7104130,25.55,25.55,25.1,25.25,-0.1,185
153,2019-02-20,4989,354300,8956159,25.3,25.5,25.15,25.2,-0.05,216
154,2019-02-22,4989,1335250,34779912,25.65,26.35,25.35,26.0,0.5,863
155,2019-02-25,4989,667233,17323623,26.2,26.25,25.75,25.85,-0.15,371
156,2019-02-26,4989,2412281,63409668,25.9,26.8,25.9,26.0,0.15,1143
157,2019-02-27,4989,669000,17243050,26.0,26.15,25.5,26.15,0.15,380
158,2019-03-04,4989,2362839,63016603,26.25,27.1,26.15,26.9,0.75,1237
159,2019-03-05,4989,663000,17528750,26.75,26.75,26.15,26.15,-0.75,436
160,2019-03-06,4989,591200,15415380,26.3,26.3,25.9,25.95,-0.2,329
161,2019-03-07,4989,714200,18289600,25.9,25.95,25.25,25.25,-0.7,397
162,2019-03-08,4989,230508,5836476,25.25,25.5,25.1,25.5,0.25,165
163,2019-03-12,4989,348000,8994550,26.45,26.45,25.65,25.65,-0.3,222
164,2019-03-13,4989,189200,4848130,25.65,25.85,25.45,25.55,-0.1,125
165,2019-03-14,4989,249200,6352260,25.3,25.65,25.3,25.4,-0.15,131
166,2019-03-15,4989,242000,6203650,25.55,25.8,25.4,25.65,0.25,142
167,2019-03-18,4989,558000,14495900,25.85,26.15,25.7,25.8,0.15,347
168,2019-03-19,4989,712356,18736780,26.2,26.6,26.0,26.15,0.35,479
169,2019-03-20,4989,1659861,44054540,26.2,27.2,25.75,27.2,1.05,917
170,2019-03-21,4989,1369000,37018200,27.4,27.4,26.65,26.8,-0.4,829
171,2019-03-22,4989,684200,18189360,26.75,27.0,26.15,26.3,-0.5,412
172,2019-03-25,4989,530191,13623077,26.0,26.0,25.45,25.6,-0.7,277
173,2019-03-26,4989,233000,6001050,25.65,26.0,25.65,25.7,0.1,149
174,2019-03-27,4989,241000,6210450,25.9,25.9,25.7,25.7,0.0,134
175,2019-03-28,4989,360000,9335800,25.8,26.15,25.75,25.75,0.05,207
176,2019-03-29,4989,1541777,41199793,25.8,27.5,25.45,27.45,1.7,721
177,2019-04-01,4989,8089950,229271827,27.9,29.4,27.75,29.2,1.75,4120
178,2019-04-02,4989,2803136,80049409,28.8,28.95,28.2,28.3,-0.9,1612
179,2019-04-03,4989,1078000,30573950,28.3,28.75,28.0,28.3,0.0,656
180,2019-04-08,4989,2861363,82427401,28.55,29.7,27.85,29.15,0.85,1498
181,2019-04-10,4989,1811000,53448700,30.0,30.0,28.9,28.9,-0.5,1011
182,2019-04-11,4989,1497500,42343349,28.5,28.75,28.1,28.15,-0.75,720
183,2019-04-12,4989,609100,17005420,28.15,28.35,27.55,27.55,-0.6,402
184,2019-04-15,4989,413200,11463930,27.55,28.25,27.4,27.75,0.2,282
185,2019-04-16,4989,532000,14865650,27.75,28.2,27.6,28.2,0.45,302
186,2019-04-17,4989,524000,14660900,28.4,28.4,27.8,27.8,-0.4,315
187,2019-04-18,4989,837259,22749653,27.9,27.9,26.45,26.7,-1.1,513
188,2019-04-19,4989,781000,21412800,26.9,28.15,26.7,28.1,1.4,477
189,2019-04-22,4989,2132262,61034342,28.5,28.95,28.3,28.55,0.45,1064
190,2019-04-23,4989,610000,17193050,28.55,28.55,28.0,28.0,-0.55,317
191,2019-04-24,4989,327000,9180150,28.2,28.4,27.8,27.8,-0.2,185
192,2019-04-26,4989,447000,12200700,27.7,27.7,27.1,27.1,-0.6,253
193,2019-04-29,4989,371100,9924250,27.1,27.2,26.5,26.5,-0.6,246
194,2019-04-30,4989,211000,5631950,26.6,26.9,26.6,26.6,0.1,120
195,2019-05-02,4989,246000,6635950,26.5,27.25,26.5,26.95,0.35,143
196,2019-05-03,4989,886630,24676097,27.0,28.25,27.0,28.25,1.3,492
197,2019-05-06,4989,1271450,34832044,27.1,27.8,27.1,27.3,-0.95,655
198,2019-05-07,4989,461100,12765510,27.4,27.95,27.4,27.4,0.1,265
199,2019-05-08,4989,249187,6799714,27.2,27.6,26.8,27.3,-0.1,176
200,2019-05-09,4989,599200,16015079,26.95,27.3,26.3,26.6,-0.7,302
201,2019-05-10,4989,340019,9016505,26.5,26.85,26.1,26.2,-0.4,206
202,2019-05-14,4989,360070,8977856,24.7,25.6,24.15,25.6,0.2,206
203,2019-05-15,4989,216000,5581650,25.6,26.0,25.6,25.85,0.25,132
204,2019-05-16,4989,381148,9600720,25.85,25.9,24.8,24.9,-0.95,242
205,2019-05-17,4989,332506,8188794,25.05,25.2,24.2,24.3,-0.6,190
206,2019-05-20,4989,269000,6454800,24.2,24.4,23.8,23.8,-0.5,181
207,2019-05-21,4989,243457,5814596,23.7,24.35,23.4,24.3,0.5,170
208,2019-05-22,4989,120086,2945615,24.5,24.65,24.45,24.5,0.2,88
209,2019-05-23,4989,191000,4562300,24.1,24.2,23.7,23.9,-0.6,120
210,2019-05-24,4989,156000,3719500,23.6,24.1,23.5,23.8,-0.1,96
211,2019-05-27,4989,95000,2250800,23.8,23.85,23.6,23.85,0.05,65
212,2019-05-28,4989,85000,2032400,23.85,24.0,23.8,23.9,0.05,60
213,2019-05-30,4989,82041,1964820,23.75,24.15,23.75,24.05,0.3,62
214,2019-05-31,4989,65000,1569450,24.0,24.25,23.8,24.15,0.1,50
215,2019-06-03,4989,79006,1888258,24.0,24.15,23.75,23.9,-0.25,44
216,2019-06-04,4989,51400,1238489,24.2,24.25,23.95,24.1,0.2,46
217,2019-06-05,4989,123000,2974150,24.3,24.35,24.0,24.0,-0.1,78
218,2019-06-06,4989,29000,694300,24.0,24.05,23.85,23.95,-0.05,22
219,2019-06-10,4989,67006,1617907,24.3,24.3,24.05,24.1,0.15,37
220,2019-06-11,4989,197000,4705800,24.1,24.15,23.8,23.8,-0.3,101
221,2019-06-12,4989,116100,2769530,24.0,24.15,23.65,23.8,0.0,69
222,2019-06-13,4989,373000,9005450,23.85,24.35,23.7,24.2,0.4,192
223,2019-06-14,4989,70000,1686550,24.2,24.25,24.0,24.0,-0.2,55
224,2019-06-17,4989,48000,1151400,24.0,24.0,23.95,23.95,-0.05,34
225,2019-06-18,4989,101600,2436960,23.95,24.1,23.9,23.9,-0.05,61
226,2019-06-19,4989,142000,3417350,24.0,24.2,23.95,24.1,0.2,83
227,2019-06-20,4989,315000,7733100,24.3,24.8,24.3,24.6,0.5,196
228,2019-06-21,4989,194000,4795400,24.6,24.9,24.55,24.55,-0.05,125
229,2019-06-24,4989,105000,2608800,24.65,25.05,24.65,24.7,0.15,87
230,2019-06-25,4989,104082,2553900,24.6,24.7,24.4,24.4,-0.3,72
231,2019-06-26,4989,75000,1828350,24.5,24.5,24.3,24.4,0.0,45
232,2019-06-27,4989,96000,2354200,24.4,24.6,24.3,24.5,0.1,71
233,2019-06-28,4989,107000,2638450,24.5,24.8,24.5,24.55,0.05,68
234,2019-07-01,4989,230000,5758550,25.0,25.2,24.8,25.0,0.45,129
235,2019-07-02,4989,243000,6116850,25.05,25.3,25.05,25.1,0.1,146
236,2019-07-03,4989,309814,7809577,25.15,25.35,25.05,25.05,-0.05,158
237,2019-07-04,4989,718590,18337654,25.3,25.65,25.3,25.6,0.55,413
238,2019-07-05,4989,438105,10567370,24.25,24.35,24.0,24.0,0.0,253
239,2019-07-08,4989,312258,7353400,23.95,23.95,23.4,23.45,-0.55,178
240,2019-07-09,4989,170221,3945827,23.4,23.4,23.1,23.2,-0.25,107
241,2019-07-10,4989,152000,3569200,23.2,23.6,23.2,23.5,0.3,74
242,2019-07-11,4989,126250,2983550,23.65,23.75,23.5,23.6,0.1,69
243,2019-07-12,4989,85120,2001214,23.65,23.65,23.4,23.45,-0.15,56
244,2019-07-15,4989,50000,1175300,23.45,23.6,23.45,23.55,0.1,31
245,2019-07-16,4989,137010,3260988,23.6,24.0,23.6,23.8,0.25,86
246,2019-07-17,4989,64000,1518400,23.8,23.95,23.6,23.7,-0.1,52
247,2019-07-18,4989,63200,1495110,23.7,23.85,23.5,23.5,-0.2,41
248,2019-07-19,4989,122000,2869400,23.6,23.75,23.45,23.45,-0.05,88
249,2019-07-22,4989,660045,15914073,23.5,24.65,23.5,23.85,0.4,333
250,2019-07-23,4989,129400,3100779,24.45,24.45,23.8,23.85,0.0,95
251,2019-07-24,4989,90065,2153756,23.9,24.0,23.8,23.95,0.1,77
252,2019-07-25,4989,152100,3660305,24.2,24.2,23.9,24.0,0.05,108
253,2019-07-26,4989,79000,1885050,24.0,24.0,23.8,23.9,-0.1,58
254,2019-07-29,4989,122205,2903279,24.05,24.05,23.6,23.6,-0.3,93
255,2019-07-30,4989,317045,7397367,23.9,23.9,23.1,23.3,-0.3,141
256,2019-07-31,4989,101000,2342400,23.3,23.4,23.1,23.2,-0.1,58
257,2019-08-01,4989,125000,2891450,23.2,23.3,23.0,23.0,-0.2,75
258,2019-08-02,4989,194000,4377550,23.0,23.0,22.35,22.55,-0.45,130
259,2019-08-05,4989,84300,1876260,22.55,22.55,22.1,22.15,-0.4,68
260,2019-08-06,4989,163000,3510700,21.0,22.35,21.0,22.2,0.05,92
261,2019-08-07,4989,85000,1894650,22.4,22.5,22.05,22.05,-0.15,52
262,2019-08-08,4989,85000,1902050,21.65,22.6,21.65,22.35,0.3,50
263,2019-08-12,4989,292000,6814250,22.4,23.85,22.3,23.2,0.85,191
264,2019-08-13,4989,111000,2542250,23.0,23.2,22.75,22.75,-0.45,84
265,2019-08-14,4989,1292054,31009850,23.35,24.9,22.95,24.35,1.6,790
266,2019-08-15,4989,409000,9655300,23.8,23.8,23.3,23.5,-0.85,281
267,2019-08-16,4989,271000,6296250,23.5,24.0,22.9,23.15,-0.35,201
268,2019-08-19,4989,147000,3430200,23.1,23.6,23.1,23.25,0.1,115
269,2019-08-20,4989,189002,4404850,23.55,23.7,23.1,23.15,-0.1,113
270,2019-08-21,4989,199000,4583500,23.3,23.3,22.85,22.95,-0.2,129
271,2019-08-22,4989,253080,5904718,23.0,23.6,23.0,23.1,0.15,137
272,2019-08-23,4989,1798500,43782399,23.4,24.85,23.4,24.4,1.3,1063
273,2019-08-26,4989,410073,9696331,23.85,23.9,23.4,23.55,-0.85,293
274,2019-08-27,4989,644000,15554800,24.0,24.6,23.7,23.8,0.25,393
275,2019-08-28,4989,223000,5287600,23.85,24.1,23.55,23.55,-0.25,140
276,2019-08-29,4989,140007,3317163,23.65,23.95,23.55,23.6,0.05,96
277,2019-08-30,4989,255007,6103018,23.85,24.1,23.8,23.8,0.2,144
278,2019-09-02,4989,199000,4778450,23.9,24.15,23.8,24.0,0.2,100
279,2019-09-03,4989,176000,4254950,24.1,24.4,23.85,24.0,0.0,106
280,2019-09-04,4989,3812411,98378050,24.25,26.4,23.8,26.4,2.4,2007
281,2019-09-05,4989,8305227,233581220,26.55,28.9,26.55,28.25,1.85,4060
282,2019-09-06,4989,5819463,167599482,28.8,29.4,28.3,28.55,0.3,2948
283,2019-09-09,4989,2945107,84717096,29.15,29.4,27.75,28.0,-0.55,1668
284,2019-09-10,4989,1542154,43414600,28.0,28.8,27.55,28.55,0.55,1005
285,2019-09-11,4989,3417378,98656874,28.75,29.4,28.3,28.9,0.35,1929
286,2019-09-12,4989,1965339,56871901,28.65,29.55,28.3,29.55,0.65,1107
287,2019-09-16,4989,4070190,118860200,29.8,30.15,28.45,28.8,-0.75,2161
288,2019-09-17,4989,1733400,48686020,28.45,28.95,27.55,27.55,-1.25,1065
289,2019-09-18,4989,1016300,28432890,27.75,28.5,27.6,27.7,0.15,626
290,2019-09-19,4989,808486,22079765,28.0,28.05,27.1,27.1,-0.6,482
291,2019-09-20,4989,751000,20678300,27.2,27.8,27.15,27.7,0.6,492
292,2019-09-23,4989,457000,12492150,27.8,27.8,27.15,27.25,-0.45,281
293,2019-09-24,4989,848000,22842700,27.25,27.25,26.7,26.8,-0.45,481
294,2019-09-25,4989,545000,14739450,26.8,27.4,26.8,26.9,0.1,303
295,2019-09-26,4989,266000,7150750,27.05,27.15,26.75,26.9,0.0,158
296,2019-09-27,4989,720380,18753253,26.9,26.9,25.65,25.8,-1.1,399
297,2019-10-01,4989,342000,8732250,26.0,26.0,25.25,25.65,-0.15,215
298,2019-10-02,4989,276000,7113200,25.45,26.05,25.4,26.05,0.4,167
299,2019-10-03,4989,177500,4603250,25.8,26.1,25.75,25.9,-0.15,113
300,2019-10-04,4989,403000,10265400,26.1,26.1,25.1,25.4,-0.5,234
301,2019-10-07,4989,196000,4974700,25.75,25.75,25.2,25.25,-0.15,115
302,2019-10-08,4989,266000,6695000,25.15,25.5,25.05,25.1,-0.15,157
303,2019-10-09,4989,277100,6874430,25.05,25.1,24.65,24.7,-0.4,173
304,2019-10-14,4989,203000,5109600,25.1,25.3,25.05,25.15,0.45,137
305,2019-10-15,4989,412600,10613150,25.15,26.1,25.15,25.5,0.35,267
306,2019-10-16,4989,316600,8187190,25.8,26.05,25.7,25.9,0.4,187
307,2019-10-17,4989,173000,4435500,25.95,25.95,25.55,25.55,-0.35,94
308,2019-10-18,4989,179000,4550650,25.6,25.6,25.3,25.5,-0.05,123
309,2019-10-21,4989,149000,3786000,25.8,26.0,25.15,25.35,-0.15,94
310,2019-10-22,4989,408400,10569670,25.4,26.2,25.4,25.9,0.55,233
311,2019-10-23,4989,349000,9054750,25.8,26.25,25.65,25.7,-0.2,210
312,2019-10-24,4989,136000,3489700,25.75,25.8,25.6,25.6,-0.1,86
313,2019-10-25,4989,180000,4608050,25.55,25.8,25.5,25.5,-0.1,105
314,2019-10-28,4989,224300,5764519,25.5,25.9,25.45,25.65,0.15,149
315,2019-10-29,4989,270000,6909450,25.65,26.05,25.2,25.25,-0.4,180
316,2019-10-30,4989,287000,7192450,25.2,25.25,24.9,24.95,-0.3,175
317,2019-10-31,4989,396000,9776900,24.9,25.0,24.5,24.55,-0.4,212
318,2019-11-01,4989,206000,5029600,24.7,24.7,24.3,24.4,-0.15,106
319,2019-11-04,4989,332100,8052400,24.4,24.45,24.1,24.3,-0.1,199
320,2019-11-06,4989,150042,3689687,24.8,24.8,24.45,24.5,-0.2,104
321,2019-11-07,4989,311000,7460600,24.5,24.5,23.55,24.0,-0.5,166
322,2019-11-08,4989,125200,3011500,24.1,24.2,23.95,24.0,0.0,89
323,2019-11-11,4989,284082,6652181,23.95,23.95,23.3,23.35,-0.65,180
324,2019-11-12,4989,130000,3056600,23.3,23.7,23.3,23.5,0.15,79
325,2019-11-13,4989,185000,4338750,23.5,23.65,23.3,23.3,-0.2,95
326,2019-11-14,4989,268008,6146454,23.3,23.3,22.75,22.9,-0.4,160
327,2019-11-15,4989,210080,4855168,22.8,23.25,22.8,23.25,0.35,115
328,2019-11-18,4989,124000,2859350,23.05,23.15,23.0,23.0,-0.25,94
329,2019-11-19,4989,124000,2868250,22.8,23.4,22.8,23.0,0.0,87
330,2019-11-20,4989,67509,1552157,23.0,23.25,22.9,23.2,0.2,53
331,2019-11-21,4989,110000,2520700,23.1,23.1,22.85,22.9,-0.3,80
332,2019-11-25,4989,141005,3259916,23.6,23.6,23.0,23.0,-0.2,94
333,2019-11-26,4989,63014,1456674,23.15,23.25,23.0,23.0,0.0,52
334,2019-11-27,4989,104000,2408800,23.0,23.5,23.0,23.05,0.05,75
335,2019-11-28,4989,85068,1976591,23.05,23.4,23.05,23.2,0.15,60
336,2019-11-29,4989,309015,7289231,23.45,23.8,23.3,23.55,0.35,187
337,2019-12-02,4989,119150,2792645,23.7,23.7,23.2,23.5,-0.05,79
338,2019-12-03,4989,110000,2585350,23.5,23.65,23.3,23.5,0.0,63
339,2019-12-04,4989,2854280,72268685,23.7,25.85,23.55,25.85,2.35,1636
340,2019-12-05,4989,5174933,137330052,26.2,27.2,25.4,25.4,-0.45,3140
341,2019-12-06,4989,898084,22805802,25.5,25.75,25.0,25.4,0.0,530
342,2019-12-09,4989,496774,12567072,25.45,25.95,25.1,25.2,-0.2,270
343,2019-12-10,4989,635001,16128875,25.5,25.7,24.9,24.9,-0.3,338
344,2019-12-11,4989,454001,11225324,24.9,25.0,24.6,24.7,-0.2,262
345,2019-12-12,4989,642580,16182863,24.7,25.85,24.65,24.85,0.15,363
346,2019-12-13,4989,372000,9197350,24.95,25.0,24.55,24.55,-0.3,217
347,2019-12-16,4989,131220,3247606,24.7,24.85,24.6,24.7,0.15,95
348,2019-12-17,4989,269000,6606700,24.7,24.8,24.35,24.5,-0.2,183
349,2019-12-18,4989,204250,5034225,24.25,24.9,24.25,24.65,0.15,153
350,2019-12-19,4989,238000,5820950,24.5,24.75,24.35,24.35,-0.3,134
351,2019-12-20,4989,140000,3410700,24.4,24.6,24.2,24.35,0.0,100
352,2019-12-23,4989,260000,6277300,24.35,24.5,24.0,24.05,-0.3,154
353,2019-12-24,4989,283000,6745000,24.05,24.2,23.7,23.75,-0.3,163
354,2019-12-25,4989,199082,4791482,23.85,24.3,23.8,23.95,0.2,142
355,2019-12-26,4989,145000,3501700,24.0,24.35,23.95,24.3,0.35,92
356,2019-12-27,4989,103245,2493616,24.3,24.3,24.05,24.1,-0.2,65
357,2019-12-30,4989,170027,4093065,24.0,24.25,23.95,24.15,0.05,93
358,2019-12-31,4989,201000,4912250,24.3,24.6,24.25,24.35,0.2,129
359,2020-01-02,4989,165000,4036850,24.35,24.55,24.35,24.4,0.05,112
360,2020-01-03,4989,177128,4282259,24.45,24.55,23.85,23.95,-0.45,116
361,2020-01-06,4989,168000,3992800,23.9,23.9,23.6,23.8,-0.15,104
362,2020-01-07,4989,219030,5169234,24.1,24.1,23.15,23.45,-0.35,143
363,2020-01-08,4989,157000,3645450,23.05,23.45,23.05,23.2,-0.25,89
364,2020-01-09,4989,106000,2469600,23.2,23.5,23.15,23.25,0.05,66
365,2020-01-10,4989,74081,1733725,23.3,23.5,23.3,23.35,0.1,51
366,2020-01-13,4989,131000,3065950,23.45,23.5,23.3,23.45,0.1,77
367,2020-01-14,4989,732110,16884950,23.4,23.45,22.85,22.85,-0.6,380
368,2020-01-15,4989,447229,10401696,22.95,23.8,22.8,23.8,0.95,245
369,2020-01-16,4989,153000,3617650,23.8,23.8,23.4,23.65,-0.15,105
370,2020-01-17,4989,130150,3044360,23.85,23.85,23.3,23.3,-0.35,96
371,2020-01-20,4989,118000,2731850,23.4,23.4,23.1,23.1,-0.2,81
372,2020-01-30,4989,445000,9628000,22.65,22.7,20.85,21.0,-2.1,247
373,2020-01-31,4989,231000,4866900,21.0,21.35,21.0,21.0,0.0,144
374,2020-02-03,4989,339100,6570690,20.5,20.5,18.95,19.6,-1.4,204
375,2020-02-04,4989,249102,5004443,20.05,20.3,19.8,20.15,0.55,146
376,2020-02-05,4989,206200,4225610,20.2,20.75,20.05,20.5,0.35,97
377,2020-02-06,4989,106100,2217545,20.7,21.2,20.7,20.95,0.45,76
378,2020-02-07,4989,159000,3250350,20.8,20.8,20.25,20.3,-0.65,86
379,2020-02-10,4989,120000,2406500,20.05,20.35,19.9,20.15,-0.15,70
380,2020-02-11,4989,53000,1076550,20.2,20.45,20.2,20.3,0.15,38
381,2020-02-12,4989,88000,1811200,20.3,20.7,20.3,20.6,0.3,58
382,2020-02-13,4989,258010,5437826,20.65,21.45,20.65,21.1,0.5,165
383,2020-02-14,4989,126035,2663912,21.4,21.4,20.95,21.1,0.0,66
384,2020-02-17,4989,125185,2634738,21.1,21.25,20.85,20.9,-0.2,74
385,2020-02-18,4989,92000,1929400,20.8,21.2,20.8,21.05,0.15,67
386,2020-02-19,4989,111000,2344450,21.45,21.45,20.95,21.1,0.05,57
387,2020-02-20,4989,101000,2152350,21.3,21.75,21.1,21.15,0.05,68
388,2020-02-21,4989,81096,1705120,21.2,21.2,20.95,21.0,-0.15,70
389,2020-02-24,4989,143400,2973410,20.9,21.35,20.5,20.65,-0.35,97
390,2020-02-25,4989,74000,1520900,20.6,20.7,20.35,20.6,-0.05,44
391,2020-02-26,4989,74000,1514600,20.6,20.6,20.4,20.45,-0.15,57
392,2020-02-27,4989,154000,3098300,20.45,20.45,19.9,19.95,-0.5,102
393,2020-03-02,4989,150000,2976700,19.8,20.15,19.3,20.0,0.05,109
394,2020-03-03,4989,97000,1985250,20.05,20.55,20.05,20.45,0.45,69
395,2020-03-04,4989,59000,1189900,20.45,20.45,20.05,20.15,-0.3,48
396,2020-03-05,4989,107000,2169250,20.45,20.5,20.1,20.35,0.2,66
397,2020-03-06,4989,82000,1638300,20.05,20.3,19.85,20.0,-0.35,59
398,2020-03-09,4989,284000,5455100,19.9,19.9,18.85,19.15,-0.85,175
399,2020-03-10,4989,271010,5141746,19.05,19.45,18.6,19.3,0.15,127
400,2020-03-11,4989,96105,1866755,19.45,19.6,19.35,19.4,0.1,56
401,2020-03-12,4989,294100,5377030,19.0,19.0,18.0,18.0,-1.4,165
402,2020-03-13,4989,740000,12000450,16.2,16.55,16.2,16.2,-1.8,287
403,2020-03-16,4989,238047,3696955,16.2,16.55,14.7,14.7,-1.5,167
404,2020-03-17,4989,304000,4187800,13.5,14.4,13.4,13.55,-1.15,161
405,2020-03-18,4989,431000,5852900,14.05,14.05,13.1,13.1,-0.45,218
406,2020-03-19,4989,392100,4657130,12.5,12.5,11.8,11.8,-1.3,207
407,2020-03-20,4989,323120,4073453,11.85,12.95,11.85,12.9,1.1,185
408,2020-03-23,4989,95027,1175068,12.85,12.85,11.8,12.45,-0.45,48
409,2020-03-24,4989,175040,2262845,12.5,13.15,12.5,12.95,0.5,92
410,2020-03-25,4989,232000,3201600,13.35,13.9,13.35,13.8,0.85,122
411,2020-03-26,4989,258053,3569552,13.95,14.2,13.15,13.8,0.0,113
412,2020-03-27,4989,143200,2005040,14.2,14.3,13.6,13.6,-0.2,98
413,2020-03-30,4989,103000,1417400,13.3,14.0,13.3,13.9,0.3,59
414,2020-03-31,4989,120000,1705150,14.9,14.9,14.0,14.0,0.1,83
415,2020-04-01,4989,45000,629400,13.7,14.1,13.7,14.0,0.0,34
416,2020-04-06,4989,196000,2704000,14.15,14.15,13.6,14.0,0.0,104
417,2020-04-07,4989,247000,3671500,14.35,15.3,14.3,15.2,1.2,183
418,2020-04-08,4989,245000,3744100,14.7,15.55,14.7,15.45,0.25,142
419,2020-04-09,4989,157000,2404400,15.45,15.55,15.1,15.1,-0.35,84
420,2020-04-10,4989,160005,2428277,15.1,15.4,14.8,15.35,0.25,85
421,2020-04-13,4989,311000,4958350,15.45,16.4,15.45,16.4,1.05,210
422,2020-04-14,4989,386583,6551144,16.4,17.4,16.3,17.25,0.85,238
423,2020-04-15,4989,225000,3934300,17.4,17.7,17.3,17.5,0.25,141
424,2020-04-16,4989,192000,3347800,17.3,17.65,17.0,17.5,0.0,100
425,2020-04-17,4989,312000,5446250,17.7,17.95,17.05,17.15,-0.35,166
426,2020-04-20,4989,155000,2623000,17.0,17.15,16.6,16.85,-0.3,95
427,2020-04-21,4989,189000,3065150,16.65,16.75,15.95,16.0,-0.85,134
428,2020-04-22,4989,55000,891000,16.0,16.35,15.95,16.15,0.15,43
429,2020-04-23,4989,105000,1709100,16.4,16.6,16.2,16.35,0.2,72
430,2020-04-24,4989,36000,588000,16.35,16.4,16.2,16.4,0.05,27
431,2020-04-27,4989,577016,10012034,16.85,17.95,16.45,17.6,1.2,284
432,2020-04-28,4989,229034,4044956,17.85,17.85,17.4,17.5,-0.1,138
433,2020-04-29,4989,970985,18244361,17.7,19.25,17.6,19.25,1.75,428
434,2020-04-30,4989,1044056,20085842,19.5,19.5,18.8,19.0,-0.25,546
435,2020-05-04,4989,745151,14618345,18.4,20.5,18.15,20.5,1.5,403
436,2020-05-05,4989,395100,8011350,20.4,20.5,20.0,20.15,-0.35,238
437,2020-05-06,4989,347101,7025269,20.1,20.55,19.95,20.2,0.05,189
438,2020-05-07,4989,1032129,22134013,20.25,22.15,19.6,22.15,1.95,526
439,2020-05-08,4989,1873050,41024402,22.15,22.4,21.05,21.05,-1.1,921
440,2020-05-11,4989,431236,8924488,21.0,21.05,20.4,20.5,-0.55,256
441,2020-05-12,4989,415000,8320000,20.15,20.65,19.6,19.75,-0.75,240
442,2020-05-13,4989,141000,2755950,19.3,19.8,19.3,19.55,-0.2,92
443,2020-05-14,4989,239000,4689050,19.65,19.95,18.8,19.2,-0.35,155
444,2020-05-15,4989,173000,3310750,19.75,19.75,18.85,19.2,0.0,116
445,2020-05-18,4989,195000,3743450,19.6,19.6,18.6,19.05,-0.15,121
446,2020-05-19,4989,115000,2218050,19.6,19.6,19.15,19.3,0.25,74
447,2020-05-21,4989,142000,2751050,19.35,19.5,19.2,19.3,0.05,78
448,2020-05-22,4989,74158,1433243,19.45,19.55,19.25,19.3,0.0,56
449,2020-05-25,4989,76000,1466600,19.3,19.5,19.2,19.3,0.0,56
450,2020-05-26,4989,119100,2328090,19.8,19.8,19.45,19.55,0.25,69
451,2020-05-27,4989,105100,2042510,19.6,19.6,19.3,19.45,-0.1,60
452,2020-05-28,4989,129000,2509650,19.8,19.8,19.2,19.2,-0.25,76
453,2020-05-29,4989,59500,1147800,19.2,19.65,19.05,19.2,0.0,49
454,2020-06-01,4989,80300,1563895,19.2,19.6,19.2,19.5,0.3,61
455,2020-06-02,4989,115000,2251850,19.75,19.75,19.5,19.55,0.05,75
456,2020-06-03,4989,124000,2436650,19.7,19.7,19.6,19.65,0.1,90
457,2020-06-04,4989,150000,2938350,19.9,19.9,19.35,19.7,0.05,86
458,2020-06-05,4989,104000,2051800,19.8,19.85,19.5,19.85,0.15,64
459,2020-06-09,4989,182000,3690500,20.35,20.45,20.05,20.2,0.0,113
460,2020-06-10,4989,198100,3942250,19.95,20.05,19.85,19.85,-0.35,106
461,2020-06-11,4989,134000,2612600,19.85,19.85,19.2,19.2,-0.65,101
462,2020-06-12,4989,139000,2612550,18.7,19.1,18.55,19.1,-0.1,89
463,2020-06-15,4989,97000,1826650,18.7,19.1,18.7,18.75,-0.35,62
464,2020-06-16,4989,209463,4005013,18.95,19.4,18.95,19.35,0.6,69
465,2020-06-17,4989,351000,6808300,19.4,19.55,19.25,19.25,-0.1,94
466,2020-06-18,4989,78200,1512380,19.45,19.5,19.2,19.45,0.2,60
467,2020-06-19,4989,92000,1786450,19.65,19.65,19.35,19.35,-0.1,44
468,2020-06-22,4989,205400,4002879,20.0,20.0,19.1,19.2,-0.15,123
469,2020-06-23,4989,73073,1407458,19.5,19.5,19.15,19.3,0.1,32
470,2020-06-29,4989,151000,2810650,18.45,18.85,18.45,18.55,-0.65,97
471,2020-06-30,4989,81006,1515213,18.6,18.8,18.6,18.8,0.25,58
472,2020-07-01,4989,100000,1891950,18.85,19.0,18.8,18.8,0.0,50
473,2020-07-02,4989,240000,4551400,18.85,19.2,18.75,18.8,0.0,130
474,2020-07-03,4989,631057,12169568,19.2,19.75,18.75,19.35,0.55,222
475,2020-07-06,4989,255000,4973700,19.4,19.65,19.4,19.5,0.15,153
476,2020-07-07,4989,727000,14442550,19.55,20.1,19.4,19.95,0.45,218
477,2020-07-08,4989,260000,5182850,19.95,20.2,19.7,20.15,0.2,148
478,2020-07-09,4989,192000,3831700,20.15,20.15,19.8,19.8,-0.35,114
479,2020-07-10,4989,1383000,27565100,19.65,20.3,18.6,19.55,-0.25,336
480,2020-07-13,4989,191000,3690700,19.55,19.6,19.2,19.3,-0.25,105
481,2020-07-14,4989,129000,2462500,19.45,19.45,19.0,19.0,-0.3,74
482,2020-07-15,4989,107000,2025150,19.2,19.2,18.8,18.85,-0.15,73
483,2020-07-16,4989,69000,1310600,19.1,19.2,18.95,19.1,0.25,46
484,2020-07-17,4989,199000,3773500,18.95,19.2,18.8,18.85,-0.25,91
485,2020-07-20,4989,66000,1236600,18.75,19.0,18.7,18.7,-0.15,32
486,2020-07-21,4989,90100,1704220,18.85,19.05,18.8,18.9,0.2,70
487,2020-07-22,4989,173000,3294650,19.1,19.2,18.9,19.0,0.1,81
488,2020-07-23,4989,153051,2937020,19.4,19.4,18.95,19.15,0.15,73
489,2020-07-24,4989,121057,2295933,19.1,19.2,18.7,18.9,-0.25,71
490,2020-07-27,4989,97000,1808650,18.75,18.85,18.5,18.5,-0.4,62
491,2020-07-28,4989,82000,1474700,17.9,18.4,17.85,17.85,0.0,48
492,2020-07-29,4989,95000,1687000,17.8,17.95,17.5,17.7,-0.15,55
493,2020-07-30,4989,137000,2441750,17.8,18.1,17.7,17.85,0.15,65
494,2020-07-31,4989,37200,664360,18.0,18.0,17.8,17.8,-0.05,27
495,2020-08-03,4989,83000,1460550,17.5,17.8,17.5,17.55,-0.25,60
496,2020-08-04,4989,387084,6987871,17.65,18.3,17.55,18.3,0.75,151
497,2020-08-05,4989,259000,4748100,18.4,18.5,18.05,18.25,-0.05,86
498,2020-08-06,4989,109000,1999700,18.35,18.65,18.2,18.3,0.05,62
499,2020-08-07,4989,71010,1281833,18.3,18.3,18.0,18.0,-0.3,43
500,2020-08-10,4989,225000,3983900,18.05,18.25,17.5,17.55,-0.45,124
501,2020-08-11,4989,245084,4260449,17.55,17.55,17.3,17.35,-0.2,129
502,2020-08-12,4989,103000,1777950,17.2,17.4,17.15,17.3,-0.05,64
503,2020-08-13,4989,46000,801900,17.4,17.5,17.4,17.4,0.1,33
504,2020-08-14,4989,85000,1486050,17.5,17.6,17.35,17.35,-0.05,54
505,2020-08-17,4989,88000,1531600,17.3,17.5,17.3,17.45,0.1,51
506,2020-08-18,4989,111000,1937300,17.45,17.6,17.35,17.4,-0.05,54
507,2020-08-19,4989,554000,9790550,17.45,17.95,17.4,17.65,0.25,148
508,2020-08-20,4989,230008,3923735,17.7,17.7,16.6,16.8,-0.85,126
509,2020-08-21,4989,80000,1363200,17.0,17.3,16.8,17.15,0.35,61
510,2020-08-24,4989,40000,682000,16.9,17.2,16.9,16.95,-0.2,34
511,2020-08-25,4989,131000,2234550,17.0,17.2,16.85,17.0,0.05,65
512,2020-08-26,4989,1537000,26620150,17.0,17.7,17.0,17.45,0.45,309
513,2020-08-27,4989,119010,2073241,17.6,17.6,17.25,17.3,-0.15,66
514,2020-08-28,4989,52000,903350,17.6,17.6,17.25,17.35,0.05,34
515,2020-08-31,4989,82000,1414450,17.45,17.45,17.1,17.1,-0.25,48
516,2020-09-01,4989,64000,1099050,17.15,17.2,17.1,17.1,0.0,43
517,2020-09-02,4989,58000,996350,17.2,17.25,17.05,17.15,0.05,49
518,2020-09-03,4989,88000,1526100,17.45,17.45,17.2,17.3,0.15,62
519,2020-09-04,4989,103000,1759200,17.1,17.25,16.7,17.2,-0.1,63
520,2020-09-07,4989,235000,4090300,17.2,17.65,17.2,17.45,0.25,89
521,2020-09-08,4989,112550,1951370,17.55,17.6,17.2,17.2,-0.25,68
522,2020-09-09,4989,58450,1005239,17.1,17.4,17.0,17.4,0.2,46
523,2020-09-10,4989,98007,1698070,17.45,17.45,17.1,17.1,-0.3,43
524,2020-09-11,4989,152262,2563854,16.9,16.95,16.8,16.85,-0.25,94
525,2020-09-14,4989,45001,756418,17.0,17.0,16.65,16.85,0.0,38
526,2020-09-15,4989,96400,1633169,16.85,17.05,16.8,16.95,0.1,45
527,2020-09-16,4989,51175,863625,16.95,16.95,16.85,16.85,-0.1,41
528,2020-09-17,4989,66000,1117100,16.85,17.1,16.85,17.1,0.25,47
529,2020-09-18,4989,45000,767350,17.1,17.1,17.0,17.1,0.0,27
530,2020-09-21,4989,67000,1146700,17.05,17.15,17.05,17.05,-0.05,42
531,2020-09-22,4989,56000,944450,17.0,17.0,16.7,16.7,-0.35,37
532,2020-09-23,4989,36001,600966,16.7,16.7,16.65,16.7,0.0,19
533,2020-09-24,4989,171006,2765547,16.7,16.7,16.0,16.1,-0.6,102
534,2020-09-25,4989,127000,2018350,16.15,16.15,15.6,15.95,-0.15,65
535,2020-09-28,4989,67000,1074750,16.05,16.15,15.95,15.95,0.0,33
536,2020-09-29,4989,52001,823665,16.0,16.0,15.75,15.8,-0.15,37
537,2020-09-30,4989,31000,497150,16.0,16.1,16.0,16.1,0.3,17
538,2020-10-05,4989,615000,9995300,16.0,16.7,16.0,16.45,0.35,107
539,2020-10-06,4989,73096,1208322,16.7,16.7,16.45,16.55,0.1,50
540,2020-10-07,4989,45000,745050,16.5,16.65,16.45,16.65,0.1,31
541,2020-10-08,4989,49000,813550,16.7,16.75,16.4,16.75,0.1,36
542,2020-10-12,4989,47000,772900,16.55,16.6,16.25,16.35,-0.4,31
543,2020-10-13,4989,68120,1106082,16.4,16.4,16.0,16.3,-0.05,37
544,2020-10-14,4989,89000,1442250,16.3,16.4,15.9,16.2,-0.1,58
545,2020-10-15,4989,83120,1345248,16.2,16.35,16.1,16.15,-0.05,38
546,2020-10-16,4989,79000,1274800,16.1,16.2,16.1,16.1,-0.05,45
547,2020-10-20,4989,43000,698200,16.3,16.3,16.1,16.3,0.0,23
548,2020-10-21,4989,59000,962450,16.5,16.55,16.2,16.3,0.0,43
549,2020-10-22,4989,82000,1319250,16.1,16.2,16.0,16.05,-0.25,64
550,2020-10-23,4989,117068,1914850,16.05,16.5,16.05,16.35,0.3,74
551,2020-10-26,4989,296000,5000600,16.5,17.2,16.5,17.0,0.65,166
552,2020-10-27,4989,126000,2169700,17.35,17.45,17.05,17.05,0.05,92
553,2020-10-28,4989,83183,1410252,17.0,17.25,16.7,16.95,-0.1,49
554,2020-10-29,4989,63000,1062900,16.6,17.1,16.55,16.85,-0.1,36
555,2020-10-30,4989,63057,1061640,17.0,17.0,16.7,16.7,-0.15,38
556,2020-11-02,4989,48140,802187,16.7,16.75,16.6,16.6,-0.1,29
557,2020-11-03,4989,58000,983450,17.0,17.1,16.65,16.7,0.1,45
558,2020-11-04,4989,36000,606150,17.0,17.0,16.7,16.85,0.15,32
559,2020-11-05,4989,39000,661000,16.7,17.1,16.7,16.9,0.05,31
560,2020-11-06,4989,53000,900650,17.2,17.2,16.8,16.8,-0.1,30
561,2020-11-09,4989,82001,1371466,16.85,17.0,16.5,16.6,-0.2,51
562,2020-11-10,4989,55001,922116,16.75,16.85,16.7,16.8,0.2,34
563,2020-11-11,4989,396055,6798323,16.9,17.4,16.75,17.4,0.6,149
564,2020-11-12,4989,1368000,24438550,17.3,18.3,17.25,18.15,0.75,522
565,2020-11-13,4989,166000,2983100,18.0,18.1,17.85,17.9,-0.25,101
566,2020-11-16,4989,454000,8392700,19.1,19.1,18.0,18.1,0.2,209
567,2020-11-17,4989,154000,2794250,18.5,18.5,18.0,18.15,0.05,70
568,2020-11-18,4989,95200,1722300,18.15,18.15,18.0,18.1,-0.05,54
569,2020-11-19,4989,157100,2828000,18.0,18.2,17.95,18.0,-0.1,58
570,2020-11-20,4989,98000,1749500,18.0,18.0,17.8,17.85,-0.15,50
571,2020-11-23,4989,521187,9631215,17.85,18.85,17.85,18.8,0.95,231
572,2020-11-24,4989,3466297,70363372,19.1,20.65,18.95,20.35,1.55,1269
573,2020-11-25,4989,2123356,42920013,20.05,20.9,19.65,20.5,0.15,985
574,2020-11-26,4989,1273116,25843221,20.8,20.9,19.8,20.1,-0.4,617
575,2020-11-27,4989,781288,15973971,20.1,20.8,20.1,20.3,0.2,349
576,2020-11-30,4989,1059056,22021953,20.55,21.25,20.4,20.6,0.3,421
577,2020-12-01,4989,681790,14400140,20.7,21.45,20.7,21.1,0.5,306
578,2020-12-02,4989,343799,7176698,21.1,21.2,20.7,20.75,-0.35,183
579,2020-12-03,4989,324000,6638500,20.65,20.7,20.3,20.4,-0.35,191
580,2020-12-04,4989,796288,16407282,20.4,21.15,20.2,20.7,0.3,215
581,2020-12-07,4989,261400,5425580,21.15,21.15,20.5,20.6,-0.1,126
582,2020-12-08,4989,1665060,35100930,20.6,21.4,20.3,20.6,0.0,316
583,2020-12-09,4989,128489,2637873,20.85,20.85,20.4,20.5,-0.1,85
584,2020-12-10,4989,303101,6081694,20.5,20.5,19.7,19.85,-0.65,162
585,2020-12-11,4989,329199,6445395,19.9,19.9,19.2,19.25,-0.6,131
586,2020-12-14,4989,202200,3873260,19.25,19.5,18.9,19.3,0.05,94
587,2020-12-15,4989,184710,3488904,19.7,19.7,18.7,18.8,-0.5,106
588,2020-12-16,4989,161000,3100000,18.95,19.55,18.9,19.35,0.55,109
589,2020-12-17,4989,318020,6283742,19.65,20.0,19.45,19.75,0.4,126
590,2020-12-18,4989,175000,3479750,19.6,20.0,19.6,19.9,0.15,94
591,2020-12-21,4989,2194179,47526808,20.0,21.85,20.0,21.85,1.95,707
592,2020-12-22,4989,2150253,46866061,22.05,22.45,21.25,21.95,0.1,880
593,2020-12-24,4989,8159306,201903078,24.4,26.0,23.35,24.4,0.4,3858
594,2020-12-25,4989,2449768,59411165,24.4,25.0,23.7,24.15,-0.25,1302
595,2020-12-28,4989,4373247,109532061,24.0,26.0,23.5,25.4,1.25,2016
596,2020-12-29,4989,2470454,62069579,25.7,26.0,24.3,24.85,-0.55,1240
597,2020-12-30,4989,13223112,334063944,25.1,25.6,24.05,24.55,-0.3,2041
598,2020-12-31,4989,1578229,38522064,25.0,25.0,23.8,24.5,-0.05,736
599,2021-01-04,4989,742294,17886598,24.3,24.4,23.9,24.15,-0.35,397
600,2021-01-05,4989,1190268,29238787,24.05,25.15,24.05,24.65,0.5,638
601,2021-01-06,4989,1144706,27559269,24.9,25.15,23.05,23.85,-0.8,597
602,2021-01-07,4989,526399,12347124,23.75,24.0,23.15,23.6,-0.25,339
603,2021-01-08,4989,845250,19435618,23.35,23.55,22.6,22.95,-0.65,455
604,2021-01-11,4989,505208,11681094,23.0,23.45,22.95,23.0,0.05,252
605,2021-01-12,4989,484200,10819469,23.05,23.05,21.9,22.1,-0.9,308
606,2021-01-13,4989,479000,10746250,21.9,22.95,21.9,22.5,0.4,317
607,2021-01-14,4989,1098758,25130672,23.2,23.4,22.3,23.05,0.55,611
608,2021-01-15,4989,672799,15075743,22.9,23.05,22.0,22.1,-0.95,393
609,2021-01-18,4989,533389,11599518,22.0,22.4,20.7,22.3,0.2,312
610,2021-01-19,4989,764176,17536718,22.8,23.3,22.45,22.95,0.65,449
611,2021-01-20,4989,613694,13733440,22.95,23.15,21.75,21.75,-1.2,337
612,2021-01-21,4989,472000,10444750,21.9,22.75,21.8,21.95,0.2,247
613,2021-01-22,4989,994025,22497875,22.35,23.4,21.4,23.0,1.05,472
614,2021-01-25,4989,823139,19006166,23.0,23.6,22.5,23.0,0.0,430
615,2021-01-26,4989,1939369,45618299,23.0,24.15,22.85,23.55,0.55,949
616,2021-01-27,4989,1118050,25851680,23.45,23.65,22.6,23.25,-0.3,573
617,2021-01-28,4989,476803,10907344,23.0,23.1,22.6,22.8,-0.45,216
618,2021-01-29,4989,502000,11521950,23.0,23.4,22.65,22.65,-0.15,262
619,2021-02-01,4989,568081,12979726,22.25,23.4,22.0,22.9,0.25,248
620,2021-02-02,4989,332198,7602871,23.0,23.2,22.7,22.85,-0.05,197
621,2021-02-03,4989,368100,8370730,23.2,23.2,22.55,22.6,-0.25,185
622,2021-02-04,4989,512300,11566370,22.6,23.0,22.05,22.5,-0.1,207
623,2021-02-05,4989,2030930,48192573,22.5,24.35,22.5,23.55,1.05,1159
624,2021-02-17,4989,3599651,89673518,24.35,25.45,24.25,25.25,1.7,1540
625,2021-02-18,4989,1388005,34759271,25.25,25.25,24.75,25.2,-0.05,588
626,2021-02-19,4989,3710734,95873591,25.15,26.35,25.1,26.05,0.85,1788
627,2021-02-22,4989,1808174,47373262,26.0,26.7,25.8,26.1,0.05,957
628,2021-02-23,4989,1610196,42553103,26.1,27.1,25.8,26.25,0.15,876
629,2021-02-24,4989,1400100,36022559,26.15,26.45,25.2,25.45,-0.8,787
630,2021-02-25,4989,749402,19202339,25.95,26.1,25.3,25.45,0.0,352
631,2021-02-26,4989,763152,19260782,25.2,25.85,25.0,25.05,-0.4,361
632,2021-03-02,4989,704618,17603953,25.15,25.55,24.6,24.6,-0.45,265
633,2021-03-04,4989,262105,6604767,25.5,25.55,25.0,25.25,-0.35,177
634,2021-03-05,4989,8175563,208952720,24.8,26.1,24.45,24.8,-0.45,1340
635,2021-03-08,4989,1100258,27875750,24.6,25.9,24.6,25.35,0.55,478
636,2021-03-09,4989,344050,8575125,25.5,25.5,24.6,24.9,-0.45,238
637,2021-03-10,4989,308000,7711150,25.05,25.35,24.85,25.0,0.1,139
638,2021-03-11,4989,557513,14149561,25.5,25.65,25.1,25.55,0.55,312
639,2021-03-12,4989,704342,18169742,25.8,26.5,25.4,25.55,0.0,344
640,2021-03-15,4989,1152432,29906776,25.65,26.15,25.65,25.9,0.35,441
641,2021-03-16,4989,840088,21753988,26.1,26.3,25.7,25.8,-0.1,341
642,2021-03-17,4989,4947396,138100621,25.8,28.35,25.65,28.35,2.55,1649
643,2021-03-19,4989,6519252,201944479,28.5,31.65,28.5,31.65,2.85,2046
644,2021-03-22,4989,11389066,387088030,32.0,34.8,32.0,34.0,2.35,5327
645,2021-03-23,4989,9863971,339722834,35.0,35.55,33.25,34.8,0.8,5115
646,2021-03-24,4989,10596511,381059558,35.0,37.95,33.9,36.8,2.0,5209
647,2021-03-25,4989,6670891,238269225,36.8,37.25,34.65,36.0,-0.8,3610
648,2021-03-26,4989,6164759,225821922,36.25,37.8,35.6,36.5,0.5,3018
649,2021-03-29,4989,7876869,302833023,37.8,39.6,37.05,37.4,0.9,4077
650,2021-03-30,4989,3446878,130304357,37.4,38.45,37.2,38.3,0.9,1731
651,2021-03-31,4989,9927653,402193239,38.75,41.6,38.45,41.0,2.7,4891
652,2021-04-01,4989,8211493,340255418,41.0,42.85,40.2,41.4,0.4,4014
653,2021-04-06,4989,5338432,226992958,41.7,43.45,41.65,42.15,0.75,2529
654,2021-04-07,4989,4438946,181553394,42.15,42.4,40.05,40.75,-1.4,2361
655,2021-04-08,4989,4581469,184214976,40.5,41.75,39.3,39.4,-1.35,2409
656,2021-04-09,4989,3767912,151253502,41.1,41.1,39.2,39.8,0.4,1669
657,2021-04-13,4989,2888809,115840355,40.65,41.0,39.0,39.05,-2.0,1389
658,2021-04-14,4989,3090107,120120213,39.35,40.3,36.9,39.95,0.9,1543
659,2021-04-15,4989,3284584,133836549,39.9,41.15,39.8,41.1,1.15,1334
660,2021-04-16,4989,12169242,529817003,42.2,45.0,41.5,44.95,3.85,5794
661,2021-04-19,4989,8050091,373599396,47.4,48.65,44.5,45.7,0.75,4247
662,2021-04-20,4989,3849753,178264567,46.1,47.3,45.3,46.3,0.6,2042
663,2021-04-21,4989,9105993,444547850,47.1,50.4,46.5,49.0,2.7,4781
664,2021-04-22,4989,12302880,619228212,50.1,52.7,46.5,47.45,-1.55,6680
665,2021-04-23,4989,4267760,204565675,48.4,49.6,47.0,47.1,-0.35,2585
666,2021-04-26,4989,5269143,239818019,47.4,47.7,44.85,45.2,-1.9,3063
667,2021-04-27,4989,3643988,167345359,45.65,46.9,45.0,45.5,0.3,2046
668,2021-04-28,4989,3425224,154472572,45.6,46.2,44.2,45.3,-0.2,1895
669,2021-04-29,4989,2319717,104541034,45.6,46.0,44.1,44.9,-0.4,1255
670,2021-05-03,4989,5185904,214377718,44.9,44.9,40.45,40.45,-4.45,2495
671,2021-05-04,4989,4962405,186591933,39.05,40.25,36.45,37.3,-3.15,2311
672,2021-05-05,4989,3382307,131722336,37.5,40.0,37.15,38.3,1.0,1626
673,2021-05-06,4989,3245191,129973594,39.0,41.3,38.85,39.35,1.05,1815
674,2021-05-07,4989,2037517,79357192,39.9,40.95,37.7,39.8,0.45,1118
675,2021-05-10,4989,2880493,116902971,39.8,41.85,38.15,41.6,1.8,1456
676,2021-05-11,4989,3308024,131071776,40.4,42.2,37.45,38.7,-2.9,1812
677,2021-05-12,4989,2614196,94429732,39.15,39.45,34.85,35.3,-3.4,1198
678,2021-05-13,4989,1865113,64064883,33.25,36.35,31.85,35.05,-0.25,965
679,2021-05-14,4989,2347587,84203837,37.9,37.9,34.0,34.45,-0.6,997
680,2021-05-17,4989,2087960,66114637,31.05,33.75,31.05,31.05,-3.4,941
681,2021-05-18,4989,1576235,52537754,31.3,34.15,31.3,34.15,3.1,720
682,2021-05-19,4989,2560765,94616999,35.95,37.55,35.0,37.55,3.4,1188
683,2021-05-20,4989,2538840,93576925,37.55,38.75,35.6,35.9,-1.65,1385
684,2021-05-21,4989,1631311,60078276,37.0,37.75,36.0,37.05,1.15,806
685,2021-05-24,4989,1378224,51894566,36.6,38.5,36.0,37.55,0.5,734
686,2021-05-25,4989,2195360,84838874,38.5,39.7,37.35,38.15,0.6,1254
687,2021-05-26,4989,1319141,50763952,38.15,39.4,37.0,38.95,0.8,744
688,2021-05-27,4989,1165290,44840094,38.7,39.4,38.1,38.25,-0.7,588
689,2021-05-28,4989,2127713,83953134,38.0,40.3,38.0,39.4,1.15,1138
690,2021-05-31,4989,8558461,352214134,40.3,42.3,39.55,40.65,1.25,3524
691,2021-06-01,4989,3951522,160333597,41.35,41.65,39.6,40.0,-0.65,2295
692,2021-06-02,4989,2095589,82682269,40.0,40.2,39.2,39.55,-0.45,956
693,2021-06-03,4989,824019,32614508,39.75,39.95,39.15,39.5,-0.05,512
694,2021-06-04,4989,1013450,39154158,39.0,39.4,38.5,38.55,-0.95,629
695,2021-06-07,4989,1461502,55902024,39.0,39.3,37.0,38.5,-0.05,657
696,2021-06-08,4989,694575,26515402,38.55,38.8,37.75,38.5,0.0,403
697,2021-06-09,4989,1814930,71529776,38.15,40.2,38.15,40.0,1.5,987
698,2021-06-10,4989,11935579,515491709,41.0,44.0,40.85,44.0,4.0,5208
699,2021-06-11,4989,28219498,1251368058,44.0,46.5,42.3,46.35,2.35,13561
700,2021-06-15,4989,16979248,807723025,47.15,48.95,46.6,47.2,0.85,9620
701,2021-06-16,4989,10897505,514961056,46.95,47.9,46.0,47.1,-0.1,5633
702,2021-06-17,4989,5038754,238108557,47.1,48.4,46.55,46.8,-0.3,2931
703,2021-06-18,4989,9713095,459360079,47.3,49.5,45.1,45.3,-1.5,5493
704,2021-06-21,4989,5843445,251447125,44.35,45.0,41.5,42.8,-2.5,3072
705,2021-06-22,4989,2247871,98607455,44.1,44.85,43.05,43.45,0.65,1354
706,2021-06-23,4989,2065353,91034836,44.7,45.0,43.55,43.65,0.2,1256
707,2021-06-24,4989,1225476,53696853,44.1,44.75,43.35,43.5,-0.15,789
708,2021-06-25,4989,1794040,78459874,44.0,44.55,42.8,42.95,-0.55,1035
709,2021-06-28,4989,1852572,79876599,41.85,43.75,41.85,43.6,0.65,914
710,2021-06-29,4989,1298672,56075134,43.65,44.1,42.6,42.75,-0.85,808
711,2021-06-30,4989,3279150,145330853,43.0,45.45,42.75,44.35,1.6,1956
712,2021-07-01,4989,1733785,75752957,44.35,44.35,42.8,44.15,-0.2,950
713,2021-07-02,4989,1291562,57047100,44.0,44.75,43.6,44.5,0.35,796
714,2021-07-05,4989,5802262,269005916,45.75,47.4,45.3,46.35,1.85,3272
715,2021-07-06,4989,3455042,155052289,46.6,46.75,43.5,44.1,-2.25,1992
716,2021-07-07,4989,1445385,63624934,44.3,44.55,43.6,43.8,-0.3,888
717,2021-07-08,4989,2150278,96272143,44.2,45.65,43.7,45.4,1.6,1206
718,2021-07-09,4989,11159096,529152642,45.2,48.85,44.6,47.95,2.55,6175
719,2021-07-12,4989,17630616,927886698,52.6,52.7,51.2,52.7,4.75,5341
720,2021-07-13,4989,19782349,1122395640,55.0,57.9,55.0,57.9,5.2,7513
721,2021-07-14,4989,24654105,1341695180,59.9,59.9,52.2,52.9,-5.0,13892
722,2021-07-15,4989,16062353,882157683,54.0,57.5,52.5,54.2,1.3,9425
723,2021-07-16,4989,12713669,686904628,53.4,56.8,51.2,52.0,-2.2,8012
724,2021-07-19,4989,4675694,246421328,52.0,53.8,51.5,52.8,0.8,2950
725,2021-07-20,4989,6378759,337822530,51.5,54.7,51.4,52.1,-0.7,4220
726,2021-07-21,4989,17872956,983945399,53.4,57.3,52.3,57.3,5.2,9877
727,2021-07-22,4989,18902309,1054012407,58.6,58.8,52.3,54.0,-3.3,10577
728,2021-07-23,4989,6932197,367218886,52.9,54.4,51.3,52.9,-1.1,3842
729,2021-07-26,4989,4155464,220210926,53.3,53.9,52.0,52.7,-0.2,2007
730,2021-07-27,4989,15234846,849538229,56.1,57.9,52.2,52.2,-0.5,7895
731,2021-07-28,4989,6446538,317106354,52.6,53.5,47.0,48.35,-3.85,3893
732,2021-07-29,4989,2812916,139807804,49.85,50.6,49.05,49.55,1.2,1829
733,2021-07-30,4989,1923624,95251272,49.1,50.6,48.15,48.25,-1.3,1332
734,2021-08-02,4989,2019871,99868896,48.5,50.4,48.0,50.1,1.85,1287
735,2021-08-03,4989,2510467,127442089,49.8,52.0,49.6,50.9,0.8,1482
736,2021-08-04,4989,1777543,90169027,51.2,51.8,50.0,50.0,-0.9,1091
737,2021-08-05,4989,2641665,131154810,50.4,50.8,48.4,49.6,-0.4,1457
738,2021-08-06,4989,3509536,172789545,49.8,50.4,48.25,49.6,0.0,1917
739,2021-08-09,4989,4165933,205032745,49.9,50.5,47.7,49.0,-0.6,1828
740,2021-08-10,4989,1872162,91119113,48.55,49.4,48.3,49.05,0.05,1199
741,2021-08-11,4989,2721318,128724054,48.65,49.15,45.6,46.8,-2.25,1408
742,2021-08-12,4989,3767865,184603085,48.6,49.9,47.6,49.4,2.6,1995
743,2021-08-13,4989,1954087,95767675,49.25,49.8,48.15,48.2,-1.2,1262
744,2021-08-16,4989,4988839,220856146,46.25,47.3,43.4,43.4,-4.8,2391
745,2021-08-17,4989,5389711,226745496,43.35,43.6,40.15,41.3,-2.1,2460
746,2021-08-18,4989,2446594,102751438,41.9,43.0,40.75,42.95,1.65,1278
747,2021-08-19,4989,1588965,65649919,42.25,42.5,40.25,40.3,-2.65,879
748,2021-08-20,4989,1494558,60770379,40.8,41.8,39.3,41.1,0.8,822
749,2021-08-23,4989,2167407,93147631,41.6,43.95,41.6,43.65,2.55,982
750,2021-08-24,4989,1394545,59693605,43.95,44.0,42.1,42.2,-1.45,754
751,2021-08-25,4989,1999440,87955548,42.25,44.9,42.25,44.5,2.3,1099
752,2021-08-26,4989,2696789,119135071,45.2,45.25,43.25,44.5,0.0,1562
753,2021-08-27,4989,2082324,92075055,44.05,45.2,43.55,43.55,-0.95,1071
754,2021-08-30,4989,1200966,53126009,44.4,44.8,43.7,43.75,0.2,749
755,2021-08-31,4989,711420,31308363,43.95,44.45,43.45,43.8,0.05,492
756,2021-09-01,4989,1147874,51099341,44.0,44.9,44.0,44.55,0.75,766
757,2021-09-02,4989,1025679,45351269,44.8,44.9,43.65,43.65,-0.9,715
758,2021-09-03,4989,844724,37164357,43.95,44.8,43.55,43.55,-0.1,586
759,2021-09-06,4989,2040244,88186652,43.9,43.9,40.8,43.45,-0.1,879
760,2021-09-07,4989,1029025,44534745,43.5,44.2,42.35,43.45,0.0,576
761,2021-09-08,4989,972847,41359454,43.4,43.6,41.6,42.4,-1.05,508
762,2021-09-09,4989,16221309,744666968,43.6,46.6,43.2,46.6,4.2,3670
763,2021-09-10,4989,7965949,355281524,45.0,45.2,44.15,44.3,-2.3,4538
764,2021-09-13,4989,4300461,189620485,44.25,44.95,43.4,43.4,-0.9,1700
765,2021-09-14,4989,2468789,105306106,43.7,44.05,42.3,42.4,-1.0,1585
766,2021-09-15,4989,2593187,109910902,42.65,43.25,41.85,42.5,0.1,1101
767,2021-09-16,4989,3456221,151318018,42.6,44.75,42.25,44.0,1.5,1954
768,2021-09-17,4989,1335853,58011847,44.3,44.3,42.95,43.3,-0.7,981
769,2021-09-22,4989,1525985,63261129,40.5,42.45,40.5,41.5,-1.8,864
770,2021-09-23,4989,2305974,100180191,41.6,44.3,41.6,43.6,2.1,1379
771,2021-09-24,4989,6991712,319097511,45.05,47.0,44.65,46.65,3.05,4192
772,2021-09-27,4989,12746957,616609574,47.5,49.9,46.5,48.9,2.25,7558
773,2021-09-28,4989,14494811,719653379,49.4,51.0,48.5,49.0,0.1,8978
774,2021-09-29,4989,4468772,209808358,47.5,48.55,45.45,45.6,-3.4,3229
775,2021-09-30,4989,2572290,119297675,46.1,47.0,45.5,46.85,1.25,1875
776,2021-10-01,4989,3677647,162668503,46.15,46.15,42.75,42.9,-3.95,2525
777,2021-10-04,4989,2482532,103826428,43.5,43.6,40.85,40.85,-2.05,1445
778,2021-10-06,4989,1234649,52189752,43.1,43.5,41.75,42.0,-0.75,873
779,2021-10-07,4989,2211960,95415383,42.7,43.65,42.45,42.8,0.8,1272
780,2021-10-08,4989,2020840,84379778,42.8,42.8,41.05,41.45,-1.35,1248
781,2021-10-12,4989,2458039,96733748,39.95,40.3,38.5,38.7,-2.75,1466
782,2021-10-13,4989,1503638,56858698,38.5,39.0,37.05,37.3,-1.4,1059
783,2021-10-14,4989,1101190,41836850,37.55,38.75,37.3,38.05,0.75,749
784,2021-10-15,4989,1883382,75188565,38.9,40.55,38.75,40.15,2.1,1270
785,2021-10-18,4989,1490102,60464477,40.85,41.8,39.75,40.5,0.35,1005
786,2021-10-19,4989,1132941,46228592,40.6,41.25,40.3,41.0,0.5,663
787,2021-10-20,4989,1123273,46308810,41.4,42.15,40.55,40.8,-0.2,774
788,2021-10-22,4989,1099245,43843591,40.7,40.75,39.6,39.7,-0.8,709
789,2021-10-25,4989,709843,28509978,39.55,40.65,39.45,40.55,0.85,532
790,2021-10-26,4989,1420481,58243184,40.8,41.4,40.5,40.9,0.35,838
791,2021-10-27,4989,792528,32708653,40.85,41.65,40.6,41.5,0.6,481
792,2021-10-28,4989,721635,29630789,41.35,41.5,40.75,40.8,-0.7,496
793,2021-10-29,4989,1341830,56070481,41.25,42.5,40.85,42.0,1.2,828
794,2021-11-01,4989,3068398,132901933,42.25,44.5,41.85,43.5,1.5,1780
795,2021-11-02,4989,2154652,92446428,43.8,44.15,41.85,42.8,-0.7,1413
796,2021-11-03,4989,1374187,59058592,43.45,43.75,42.3,42.5,-0.3,850
797,2021-11-04,4989,850665,36144945,43.05,43.05,42.15,42.35,-0.15,830
798,2021-11-05,4989,769250,32412806,42.9,42.9,41.9,41.9,-0.45,614
799,2021-11-08,4989,1107728,46886899,42.45,42.9,41.8,42.15,0.25,793
800,2021-11-10,4989,6282799,279103521,44.8,45.55,43.1,44.05,-0.55,3567
801,2021-11-11,4989,1349577,58580301,43.6,44.0,43.0,43.0,-1.05,879
802,2021-11-12,4989,1441810,61300777,43.4,43.4,42.0,42.0,-1.0,1002
803,2021-11-15,4989,3488337,152974948,42.3,45.0,42.3,43.5,1.5,1985
804,2021-11-16,4989,1991938,85528751,43.65,44.15,42.5,42.55,-0.95,1488
805,2021-11-17,4989,1103471,47131112,42.7,43.15,42.3,42.8,0.25,666
806,2021-11-29,4989,1851363,87168026,46.9,48.1,46.0,46.7,0.0,3105
807,2021-11-30,4989,3972065,190381991,47.4,49.25,46.95,48.8,2.1,2930
808,2021-12-01,4989,3282365,161815823,48.8,49.85,48.3,49.35,0.55,3289
809,2021-12-02,4989,4812095,240730713,49.4,51.5,48.8,48.8,0.0,4826
810,2021-12-03,4989,3124847,157220722,49.8,51.5,49.35,49.6,0.8,2895
811,2021-12-06,4989,1622409,79438085,48.95,49.95,48.25,48.25,-1.35,4142
812,2021-12-07,4989,1489042,71322741,48.6,48.8,47.5,47.5,-0.75,2930
813,2021-12-08,4989,1186873,56395054,48.1,48.35,46.95,47.35,-0.15,1748
814,2021-12-09,4989,843689,40227663,47.7,48.3,47.0,47.1,-0.25,1419
815,2021-12-10,4989,817393,37862732,46.8,46.85,46.0,46.0,-1.1,1780
816,2021-12-13,4989,809384,36832586,46.0,46.15,45.15,45.15,-0.85,2335
817,2021-12-14,4989,883210,39042465,45.0,45.05,43.6,43.7,-1.45,1791
818,2021-12-15,4989,912212,39787935,43.9,44.3,43.1,43.9,0.2,1310
819,2021-12-16,4989,1109277,48793581,44.05,44.55,43.7,44.45,0.55,834
820,2021-12-17,4989,751872,32724803,44.05,44.2,43.05,43.15,-1.3,1983
821,2021-12-20,4989,639058,27193688,43.15,43.35,42.05,42.15,-1.0,1699
822,2021-12-21,4989,448864,19213780,42.25,43.3,42.25,42.9,0.75,511
823,2021-12-22,4989,608695,26648373,43.1,44.05,43.1,44.0,1.1,617
824,2021-12-23,4989,3351917,155781120,45.25,48.0,45.25,46.85,2.85,2743
825,2021-12-24,4989,1252086,58166782,47.0,47.0,46.1,46.3,-0.55,1186
826,2021-12-27,4989,1139876,53338490,46.65,47.15,46.45,46.9,0.6,3922
827,2021-12-28,4989,587260,27441994,47.15,47.35,46.4,46.4,-0.5,722
828,2021-12-29,4989,359280,16642354,46.2,46.6,46.2,46.25,-0.15,337
829,2021-12-30,4989,475079,21873888,46.1,46.6,45.85,46.0,-0.25,456
830,2022-01-03,4989,498246,22623538,46.1,46.1,45.1,45.25,-0.75,885
831,2022-01-04,4989,442297,19828173,45.25,45.55,44.35,44.45,-0.8,2885
832,2022-01-05,4989,322332,14373646,44.55,45.5,44.2,44.3,-0.15,376
833,2022-01-06,4989,439021,19299603,44.15,44.3,43.75,43.75,-0.55,455
834,2022-01-07,4989,733777,31434417,43.85,44.0,42.4,42.55,-1.2,1331
835,2022-01-10,4989,306216,12985837,42.0,43.0,41.9,42.5,-0.05,438
836,2022-01-11,4989,487236,20484468,42.5,42.7,41.65,41.75,-0.75,958
837,2022-01-12,4989,748206,31411966,41.6,43.05,41.25,43.05,1.3,782
838,2022-01-13,4989,1236366,54406573,43.55,44.6,43.2,43.8,0.75,979
839,2022-01-14,4989,621749,26903935,43.5,44.35,42.3,44.3,0.5,735
840,2022-01-17,4989,591957,26436501,44.9,44.9,44.35,44.35,0.05,508
841,2022-01-18,4989,528020,23505937,44.3,45.0,44.1,44.1,-0.25,727
842,2022-01-19,4989,605316,26536614,43.6,44.45,43.35,43.35,-0.75,489
843,2022-01-20,4989,303147,13230254,44.0,44.0,43.1,43.6,0.25,271
844,2022-01-21,4989,387618,16567938,42.85,43.7,42.1,42.15,-1.45,456
845,2022-01-24,4989,260981,10936526,42.1,42.65,41.2,42.25,0.1,315
846,2022-01-25,4989,324935,13523648,41.6,42.0,41.4,41.45,-0.8,624
847,2022-01-26,4989,403634,16997883,41.65,42.4,41.65,42.15,0.7,295
848,2022-02-07,4989,235452,10058647,42.1,43.3,42.0,43.3,1.15,188
849,2022-02-08,4989,393905,17321818,43.5,44.35,43.45,44.1,0.8,417
850,2022-02-09,4989,277312,12236408,44.55,44.55,43.8,44.1,0.0,307
851,2022-02-10,4989,305954,13614168,44.1,44.8,44.1,44.7,0.6,303
852,2022-02-11,4989,435234,19573036,44.65,45.3,44.1,45.0,0.3,458
853,2022-02-14,4989,329470,14437132,45.0,45.0,43.4,43.6,-1.4,600
854,2022-02-15,4989,242917,10654828,43.65,44.2,43.6,43.6,0.0,405
855,2022-02-16,4989,207333,9169576,44.15,44.4,44.0,44.25,0.65,261
856,2022-02-17,4989,240644,10674420,44.25,44.7,44.0,44.0,-0.25,276
857,2022-02-18,4989,153738,6746064,44.0,44.3,43.65,43.8,-0.2,375
858,2022-02-21,4989,169873,7460634,43.8,44.25,43.6,43.9,0.1,347
859,2022-02-22,4989,356309,15206565,43.6,43.65,42.3,42.5,-1.4,713
860,2022-02-23,4989,189140,8177885,42.95,43.85,42.85,43.0,0.5,262
861,2022-02-24,4989,548608,22986218,42.35,42.5,41.4,41.6,-1.4,1010
862,2022-02-25,4989,216341,9104093,42.5,42.55,41.85,42.0,0.4,329
863,2022-03-01,4989,213300,9035823,42.0,42.7,42.0,42.5,0.5,200
864,2022-03-02,4989,155399,6631159,42.9,43.05,42.3,42.7,0.2,313
865,2022-03-03,4989,434833,18364870,42.7,43.05,41.85,42.15,-0.55,469
866,2022-03-04,4989,222939,9406217,41.85,42.6,41.85,42.1,-0.05,219
867,2022-03-07,4989,517620,21034023,42.15,42.35,40.2,40.55,-1.55,688
868,2022-03-08,4989,492081,19683675,39.7,40.5,39.6,39.6,-0.95,789
869,2022-03-09,4989,212165,8458186,39.65,40.3,39.6,39.95,0.35,474
870,2022-03-10,4989,305854,12407929,40.35,40.85,40.05,40.4,0.45,264
871,2022-03-11,4989,404046,16231328,40.1,40.75,39.75,39.9,-0.5,538
872,2022-03-14,4989,223669,8892318,39.9,40.0,39.55,39.7,-0.2,321
873,2022-03-15,4989,342021,13292170,39.6,39.6,38.5,38.65,-1.05,281
874,2022-03-16,4989,280561,10760722,39.0,39.0,38.1,38.3,-0.35,254
875,2022-03-17,4989,237768,9319189,39.0,39.6,38.65,39.35,1.05,214
876,2022-03-18,4989,224470,8858390,39.45,39.7,39.25,39.55,0.2,149
877,2022-03-21,4989,605997,24923489,42.8,42.8,40.5,40.65,1.1,402
878,2022-03-22,4989,304520,12458651,41.1,41.3,40.5,41.0,0.35,192
879,2022-03-24,4989,278578,11560700,41.5,41.8,41.3,41.3,-0.5,237
880,2022-03-25,4989,184323,7621439,41.5,41.7,41.05,41.6,0.3,166
881,2022-03-28,4989,170829,7004441,41.35,41.6,40.5,41.6,0.0,158
882,2022-03-29,4989,121958,5022239,41.6,41.6,40.85,40.85,-0.75,101
883,2022-03-30,4989,427190,17632604,41.0,41.75,40.65,41.75,0.9,252
884,2022-03-31,4989,98935,4076711,41.35,41.4,41.0,41.0,-0.75,101
885,2022-04-01,4989,139898,5688129,40.85,40.85,40.6,40.6,-0.4,128
886,2022-04-06,4989,89952,3613156,40.45,40.5,40.0,40.25,-0.35,97
887,2022-04-08,4989,115452,4562903,39.6,39.8,39.35,39.4,-0.05,190
888,2022-04-11,4989,179663,7052310,39.85,39.9,39.05,39.15,-0.25,183
889,2022-04-12,4989,192040,7440951,39.2,39.3,38.45,38.9,-0.25,245
890,2022-04-13,4989,145752,5728832,39.05,39.65,39.0,39.3,0.4,141
891,2022-04-14,4989,147344,5762107,39.15,39.35,39.0,39.15,-0.15,136
892,2022-04-15,4989,190714,7402323,39.4,39.4,38.5,39.2,0.05,174
893,2022-04-18,4989,211919,8232902,39.15,39.35,38.4,39.35,0.15,181
894,2022-04-19,4989,209074,8252073,39.45,39.8,39.0,39.8,0.45,145
895,2022-04-20,4989,143015,5716424,40.8,40.8,39.75,39.8,0.0,128
896,2022-04-21,4989,178067,7024313,39.7,39.8,39.2,39.2,-0.6,151
897,2022-04-22,4989,229070,8897732,38.8,39.25,38.6,38.85,-0.35,181
898,2022-04-25,4989,430633,16051652,37.05,38.0,36.85,37.75,-1.1,395
899,2022-04-27,4989,408424,14408172,35.8,35.85,34.7,35.3,-1.7,528
900,2022-04-28,4989,319158,11158138,35.5,35.6,34.6,34.85,-0.45,250
901,2022-04-29,4989,342356,11968246,35.05,35.5,34.7,34.85,0.0,369
902,2022-05-03,4989,201275,6996533,34.85,35.25,34.2,35.0,0.15,156
903,2022-05-04,4989,110856,3918550,35.15,35.75,35.1,35.25,0.25,88
904,2022-05-05,4989,214470,7722029,35.7,36.3,35.6,35.9,0.65,155
905,2022-05-06,4989,114472,4016552,35.05,35.35,34.95,35.25,-0.65,109
906,2022-05-09,4989,268791,9162128,35.3,35.3,33.75,33.75,-1.5,359
907,2022-05-10,4989,287891,9608141,33.0,34.0,32.75,33.8,0.05,179
908,2022-05-11,4989,135646,4500890,33.5,33.5,32.8,33.15,-0.65,127
909,2022-05-12,4989,403092,12927742,32.5,32.9,30.65,32.5,-0.65,375
910,2022-05-16,4989,176753,5865481,33.15,33.7,32.65,32.85,-0.15,221
911,2022-05-17,4989,264333,8715184,32.15,33.45,32.15,33.45,0.6,192
912,2022-05-18,4989,204481,6974832,33.4,34.5,33.4,34.15,0.7,180
913,2022-05-19,4989,105996,3566258,33.7,33.95,33.25,33.8,-0.35,110
914,2022-05-20,4989,82401,2792696,33.8,34.3,33.5,33.75,-0.05,92
915,2022-05-23,4989,42031,1425211,33.75,34.1,33.75,33.85,0.1,47
916,2022-05-24,4989,69897,2344763,33.85,33.9,33.05,33.2,-0.65,99
917,2022-05-25,4989,63410,2115400,33.5,33.5,33.15,33.35,0.15,56
918,2022-05-26,4989,92626,3087888,33.3,33.7,33.0,33.0,-0.35,100
919,2022-05-27,4989,99516,3322064,33.05,33.5,33.05,33.3,0.3,128
920,2022-05-30,4989,240116,8180296,33.4,34.2,33.4,34.05,0.75,175
921,2022-05-31,4989,107845,3691112,34.2,34.5,34.05,34.15,0.1,98
922,2022-06-01,4989,126678,4365429,34.75,34.75,34.2,34.45,0.3,106
923,2022-06-02,4989,47380,1626568,34.75,34.75,34.2,34.25,-0.2,44
924,2022-06-06,4989,52200,1778524,34.15,34.2,33.95,34.1,-0.15,44
925,2022-06-07,4989,75214,2562448,34.1,34.2,33.85,34.05,-0.05,60
926,2022-06-08,4989,78336,2665861,34.1,34.2,33.8,33.8,-0.25,79
927,2022-06-09,4989,65642,2216173,33.75,34.1,33.6,33.75,-0.05,60
928,2022-06-10,4989,55803,1874129,33.75,33.75,33.35,33.4,-0.35,207
929,2022-06-13,4989,112185,3652551,33.0,33.0,32.25,32.55,-0.85,130
930,2022-06-14,4989,188595,5967152,32.75,32.75,31.2,31.65,-0.9,254
931,2022-06-15,4989,125224,4014067,31.7,32.55,31.7,31.85,0.2,160
932,2022-06-16,4989,170922,5420350,32.1,32.2,31.0,31.0,-0.85,186
933,2022-06-17,4989,160431,4854042,30.35,30.65,30.05,30.15,-0.85,302
934,2022-06-20,4989,498321,14402841,29.45,30.25,28.0,28.0,-2.15,521
935,2022-06-21,4989,167910,4877953,27.9,29.45,27.9,29.4,1.4,127
936,2022-06-22,4989,145313,4169042,30.0,30.0,28.05,28.1,-1.3,195
937,2022-06-23,4989,165146,4681011,28.3,28.95,27.95,28.4,0.3,129
938,2022-06-24,4989,236710,6785862,28.95,29.35,28.2,28.2,-0.2,167
939,2022-06-27,4989,221420,6386996,28.5,29.15,28.35,28.5,0.3,156
940,2022-06-28,4989,226355,6449579,28.6,28.8,28.2,28.5,0.0,144
941,2022-06-29,4989,67650,1928414,28.5,28.6,28.4,28.55,0.05,54
942,2022-06-30,4989,191786,5279094,28.4,28.5,27.0,27.0,-1.55,191
943,2022-07-01,4989,340434,8733790,26.6,26.7,24.6,24.7,-2.3,406
944,2022-07-04,4989,188688,4713510,24.35,25.45,24.35,24.85,0.15,142
945,2022-07-05,4989,217300,5549151,25.15,26.3,25.15,25.55,0.7,162
946,2022-07-06,4989,204782,5087012,25.0,25.25,24.4,24.4,-1.15,166
947,2022-07-07,4989,240287,6017036,24.4,25.45,24.4,25.05,0.65,160
948,2022-07-08,4989,607639,15927823,25.3,26.75,25.3,26.4,1.35,375
949,2022-07-11,4989,111304,2938689,26.45,26.6,25.9,26.45,0.05,71
950,2022-07-12,4989,246341,6158357,26.0,26.2,24.55,24.55,-1.9,215
951,2022-07-13,4989,330000,8376918,25.25,25.7,25.1,25.25,0.7,175
952,2022-07-14,4989,187366,4740567,25.1,25.65,24.75,25.55,0.3,166
953,2022-07-15,4989,158550,4050897,25.55,25.85,25.3,25.55,0.0,155
954,2022-07-18,4989,362600,9454989,25.6,26.3,25.6,26.1,0.55,222
955,2022-07-20,4989,1613888,44970974,26.8,28.5,26.6,28.5,2.55,931
956,2022-07-21,4989,4270442,129072417,30.05,31.35,29.5,30.1,1.6,3078
957,2022-07-22,4989,1126019,32833662,29.95,29.95,28.6,29.0,-1.1,1330
958,2022-07-25,4989,512599,14952115,29.2,29.7,28.8,28.8,-0.2,371
959,2022-07-26,4989,478245,13458454,29.25,29.25,27.8,27.8,-1.0,611
960,2022-07-27,4989,509798,14371173,27.8,28.5,27.8,28.5,0.7,394
961,2022-07-28,4989,366550,9872701,27.5,27.5,26.6,26.75,0.0,401
962,2022-07-29,4989,154563,4139751,26.65,27.2,26.65,26.7,-0.05,124
963,2022-08-01,4989,235098,6429733,26.85,27.65,26.85,27.2,0.5,195
964,2022-08-02,4989,177003,4728923,26.85,27.1,26.5,26.95,-0.25,202
965,2022-08-03,4989,305373,8006016,26.25,26.7,26.0,26.0,-0.95,252
966,2022-08-04,4989,357948,9153455,26.0,26.2,25.05,25.9,-0.1,217
967,2022-08-08,4989,175075,4549417,26.45,26.5,25.85,26.1,-0.25,127
968,2022-08-09,4989,124880,3251060,26.3,26.3,25.85,26.1,0.0,84
969,2022-08-10,4989,83592,2176870,25.8,26.1,25.8,26.1,0.0,87
970,2022-08-11,4989,276747,7167192,26.1,26.2,25.7,25.8,-0.3,215
971,2022-08-12,4989,357223,9306974,25.8,26.4,25.75,26.35,0.55,239
972,2022-08-15,4989,225166,6020388,26.4,26.95,26.4,26.95,0.6,161
973,2022-08-16,4989,195449,5240202,26.85,27.15,26.55,26.6,-0.35,135
974,2022-08-17,4989,184821,4962587,26.6,27.0,26.55,26.8,0.2,106
975,2022-08-18,4989,2956754,85137834,26.65,29.45,26.65,28.25,1.45,1422
976,2022-08-19,4989,694819,19554318,28.2,28.5,27.8,28.2,-0.05,461
977,2022-08-22,4989,2547033,75175372,27.6,30.3,27.4,29.4,1.2,1321
978,2022-08-23,4989,3614450,108784502,29.4,30.45,29.2,30.45,1.05,1197
979,2022-08-25,4989,745908,22330323,29.8,30.15,29.5,30.0,0.05,540
980,2022-08-26,4989,482902,14367752,29.9,30.0,29.55,29.8,-0.2,306
981,2022-08-29,4989,311315,8897705,28.0,28.9,27.95,28.65,-1.15,419
982,2022-08-30,4989,146348,4223673,28.45,29.1,28.45,29.0,0.35,120
983,2022-08-31,4989,249500,7195802,29.2,29.2,28.7,28.85,-0.15,189
984,2022-09-01,4989,319107,8992842,28.55,28.55,28.0,28.0,-0.85,397
985,2022-09-02,4989,135537,3822739,28.2,28.5,27.95,28.1,0.1,113
986,2022-09-05,4989,113314,3152690,28.35,28.4,27.6,27.6,-0.5,95
987,2022-09-06,4989,225475,6119193,27.9,27.9,26.5,26.8,-0.8,157
988,2022-09-07,4989,208401,5519554,26.5,26.7,26.1,26.6,-0.2,136
989,2022-09-08,4989,82370,2224778,26.85,27.2,26.7,27.1,0.5,74
990,2022-09-13,4989,94184,2611981,27.95,27.95,27.5,27.55,0.0,81
991,2022-09-14,4989,196611,5297212,27.05,27.25,26.7,27.25,-0.3,99
992,2022-09-15,4989,104877,2861324,27.0,27.65,27.0,27.1,-0.15,119
993,2022-09-16,4989,151385,4040928,26.9,26.95,26.55,26.6,-0.5,131
994,2022-09-19,4989,166632,4351153,26.6,26.8,26.0,26.05,-0.55,126
995,2022-09-20,4989,145577,3770627,26.15,26.15,25.75,25.95,-0.1,84
996,2022-09-21,4989,102030,2636879,26.15,26.15,25.7,25.75,-0.2,77
997,2022-09-22,4989,138174,3514045,25.5,25.75,25.2,25.6,-0.15,109
998,2022-09-23,4989,112058,2834958,25.6,25.6,25.0,25.25,-0.35,83
999,2022-09-26,4989,305739,7331069,25.0,25.0,23.3,24.0,-1.25,208
1000,2022-09-27,4989,154821,3727174,24.0,24.4,23.75,24.1,0.1,109
1001,2022-09-28,4989,341653,8050951,24.1,24.5,22.2,22.45,-1.65,233
1002,2022-09-29,4989,137031,3221254,22.8,24.4,22.7,23.5,1.05,117
1003,2022-09-30,4989,116858,2769312,22.85,24.15,22.85,24.1,0.6,110
1004,2022-10-04,4989,109905,2677185,24.3,24.5,24.15,24.5,0.55,80
1005,2022-10-05,4989,121153,2984222,24.75,24.95,24.3,24.3,-0.2,104
1006,2022-10-06,4989,71571,1731317,24.3,24.3,24.0,24.25,-0.05,72
1007,2022-10-07,4989,65002,1571748,24.15,24.25,24.1,24.1,-0.15,39
1008,2022-10-11,4989,192853,4434218,23.3,23.3,22.6,22.9,-1.2,174
1009,2022-10-12,4989,113220,2598184,22.6,23.3,22.6,22.95,0.05,88
1010,2022-10-13,4989,197245,4328172,23.2,23.2,21.2,21.65,-1.3,161
1011,2022-10-14,4989,125264,2803717,22.4,22.65,22.1,22.3,0.65,87
1012,2022-10-17,4989,59623,1310749,22.25,22.65,21.45,22.65,0.35,51
1013,2022-10-18,4989,97050,2228786,22.95,23.2,22.8,23.0,0.35,102
1014,2022-10-19,4989,91209,2114966,23.2,23.8,22.8,22.8,-0.2,97
1015,2022-10-21,4989,55001,1230672,22.85,22.85,22.2,22.4,-0.15,36
1016,2022-10-24,4989,157356,3651157,22.7,23.45,22.7,23.1,0.7,140
1017,2022-10-25,4989,128319,2966287,23.4,23.4,22.85,23.0,-0.1,85
1018,2022-10-26,4989,329317,7769120,23.25,24.1,23.1,23.2,0.2,251
1019,2022-10-27,4989,264158,6348456,23.35,24.6,23.35,23.85,0.65,223
1020,2022-10-28,4989,98417,2323626,23.85,23.95,23.35,23.4,-0.45,78
1021,2022-10-31,4989,187756,4563529,23.7,24.7,23.7,24.25,0.85,143
1022,2022-11-01,4989,293361,7273042,24.4,25.5,24.25,24.8,0.55,279
1023,2022-11-02,4989,1025170,26860828,25.0,26.9,24.85,25.7,0.9,684
1024,2022-11-03,4989,696258,18303956,25.7,26.8,25.5,26.0,0.3,582
1025,2022-11-04,4989,310170,7903786,25.75,26.0,25.2,25.75,-0.25,271
1026,2022-11-07,4989,454197,11885706,25.8,26.5,25.8,25.85,0.1,324
1027,2022-11-08,4989,212286,5436555,26.1,26.3,25.2,25.25,-0.6,240
1028,2022-11-09,4989,150418,3825335,25.8,25.8,25.25,25.3,0.05,136
1029,2022-11-11,4989,203170,5122733,25.75,25.75,24.95,25.15,0.25,134
1030,2022-11-14,4989,345441,8931989,25.55,26.25,25.55,25.7,0.55,230
1031,2022-11-15,4989,122198,3150222,25.95,25.95,25.55,25.8,0.1,141
1032,2022-11-16,4989,151525,3906857,25.9,26.0,25.55,25.55,-0.25,126
1033,2022-11-17,4989,234762,6107566,25.5,26.2,25.5,26.05,0.5,182
1034,2022-11-18,4989,306304,8008755,26.1,26.7,25.6,25.9,-0.15,228
1035,2022-11-21,4989,72721,1880733,25.8,26.1,25.65,25.8,-0.1,68
1036,2022-11-22,4989,88830,2288314,25.55,25.95,25.55,25.7,-0.1,60
1037,2022-11-23,4989,140514,3644893,26.25,26.25,25.7,26.0,0.3,108
1038,2022-11-24,4989,98404,2564131,26.1,26.2,25.95,26.0,0.0,119
1039,2022-11-25,4989,152650,3972634,26.1,26.55,25.55,25.7,-0.3,118
1040,2022-11-28,4989,66522,1703224,25.7,25.8,25.3,25.7,0.0,88
1041,2022-11-30,4989,184400,4830109,25.75,26.35,25.75,26.3,0.55,118
1042,2022-12-01,4989,2300445,64606973,26.65,28.75,26.65,28.4,2.1,1189
1043,2022-12-02,4989,1221296,34420948,28.3,28.65,27.65,28.0,-0.4,808
1044,2022-12-05,4989,127579,3549324,28.0,28.0,27.65,27.8,-0.2,172
1045,2022-12-06,4989,290968,7917311,27.9,27.9,26.65,26.9,-0.9,362
1046,2022-12-07,4989,234905,6164837,26.7,26.75,26.0,26.25,-0.65,240
1047,2022-12-08,4989,75950,2011785,26.3,26.7,26.3,26.5,0.25,59
1048,2022-12-09,4989,175207,4640262,26.8,26.85,26.1,26.35,-0.15,122
1049,2022-12-12,4989,105500,2764219,26.35,26.35,25.75,26.2,-0.15,96
1050,2022-12-13,4989,127803,3353084,26.65,26.65,25.9,26.05,-0.15,89
1051,2022-12-14,4989,156634,4123080,26.5,26.7,26.2,26.25,0.2,85
1052,2022-12-15,4989,257819,6884058,26.3,26.95,26.3,26.85,0.6,176
1053,2022-12-16,4989,285492,7466619,26.2,26.55,26.0,26.35,-0.5,202
1054,2022-12-19,4989,126356,3273948,26.2,26.2,25.8,25.8,-0.55,134
1055,2022-12-20,4989,152216,3870255,25.8,26.2,25.0,25.15,-0.65,236
1056,2022-12-21,4989,73559,1857256,25.15,25.6,25.05,25.1,-0.05,70
1057,2022-12-22,4989,172392,4344264,25.3,25.55,25.1,25.1,0.0,153
1058,2022-12-23,4989,132530,3279977,24.85,25.0,24.5,24.85,-0.25,147
1059,2022-12-26,4989,24664,615279,25.5,25.5,24.9,24.95,0.1,36
1060,2022-12-27,4989,72600,1810309,25.35,25.35,24.8,24.9,-0.05,61
1061,2022-12-28,4989,75049,1864604,25.25,25.25,24.6,24.6,-0.3,59
1062,2022-12-29,4989,75493,1837287,24.7,24.7,24.0,24.65,0.05,92
1063,2022-12-30,4989,71932,1769667,25.2,25.2,24.4,24.85,0.2,168
1064,2023-01-03,4989,177666,4367193,24.35,25.0,24.25,24.65,-0.2,175
1065,2023-01-04,4989,194000,4847158,24.65,25.45,24.4,25.1,0.45,142
1066,2023-01-05,4989,91493,2301929,25.4,25.4,25.0,25.0,-0.1,114
1067,2023-01-06,4989,356473,9148373,25.3,26.0,25.3,25.9,0.9,289
1068,2023-01-09,4989,1703699,46223171,26.8,27.55,26.15,27.55,1.65,883
1069,2023-01-10,4989,3161159,86837638,26.85,28.1,26.6,27.9,0.35,1261
1070,2023-01-11,4989,1883638,51127724,27.7,27.75,26.6,26.9,-1.0,1163
1071,2023-01-12,4989,843475,22859693,27.0,27.6,26.5,26.5,-0.4,561
1072,2023-01-13,4989,286288,7600824,26.6,26.95,26.25,26.65,0.15,365
1073,2023-01-16,4989,242020,6467646,26.55,27.15,26.5,26.6,-0.05,181
1074,2023-01-17,4989,199100,5280615,26.6,26.7,26.35,26.4,-0.2,193
1075,2023-01-30,4989,516158,13933583,26.75,27.7,26.45,26.9,0.5,354
1076,2023-01-31,4989,316075,8640644,27.05,27.6,27.0,27.35,0.45,258
1077,2023-02-01,4989,666280,18542783,27.7,28.3,27.55,27.8,0.45,489
1078,2023-02-02,4989,295306,8172451,28.0,28.0,27.5,27.6,-0.2,272
1079,2023-02-03,4989,154246,4236012,27.6,27.6,27.35,27.45,-0.15,118
1080,2023-02-07,4989,158355,4321968,27.6,27.65,27.15,27.15,-0.5,179
1081,2023-02-08,4989,220730,6064356,27.2,27.65,27.2,27.5,0.35,139
1082,2023-02-09,4989,102353,2789718,27.5,27.6,26.75,27.35,-0.15,128
1083,2023-02-10,4989,206781,5556098,27.35,27.35,26.65,26.95,-0.4,229
1084,2023-02-13,4989,162898,4341307,27.1,27.1,26.5,26.6,-0.35,152
1085,2023-02-14,4989,44533,1188546,26.6,26.8,26.6,26.75,0.15,46
1086,2023-02-15,4989,125695,3347665,26.7,26.8,26.45,26.6,-0.15,83
1087,2023-02-16,4989,198753,5343781,26.7,27.15,26.65,27.1,0.5,129
1088,2023-02-17,4989,105548,2849991,27.15,27.2,26.85,27.0,-0.1,131
1089,2023-02-20,4989,278398,7603538,27.2,27.5,27.1,27.4,0.4,165
1090,2023-02-21,4989,142342,3894102,27.4,27.5,27.2,27.45,0.05,108
1091,2023-02-22,4989,149010,4063679,27.4,27.5,27.1,27.25,-0.2,214
1092,2023-02-23,4989,139221,3810755,27.25,27.5,27.25,27.4,0.15,107
1093,2023-02-24,4989,205340,5567546,27.8,27.8,26.9,26.9,-0.5,269
1094,2023-03-01,4989,105355,2805637,26.75,26.8,26.55,26.6,-0.3,259
1095,2023-03-02,4989,55716,1484500,26.75,26.8,26.5,26.8,0.2,58
1096,2023-03-03,4989,168263,4502895,27.0,27.0,26.65,26.8,0.0,98
1097,2023-03-06,4989,153712,4162840,26.8,27.25,26.8,27.25,0.45,142
1098,2023-03-07,4989,126900,3465493,27.1,27.45,27.1,27.35,0.1,100
1099,2023-03-08,4989,135552,3689685,27.2,27.35,27.05,27.35,0.0,102
1100,2023-03-09,4989,94610,2573651,27.35,27.4,27.1,27.2,-0.15,87
1101,2023-03-10,4989,3115604,89835728,28.0,29.7,28.0,28.6,1.4,2265
1102,2023-03-13,4989,887974,25094736,28.6,28.95,27.6,28.2,-0.4,569
1103,2023-03-14,4989,3569182,107569022,28.2,31.0,28.1,29.9,1.7,2472
1104,2023-03-15,4989,1485976,44413645,29.9,30.4,29.5,29.75,-0.15,1199
1105,2023-03-16,4989,828866,23926534,29.3,29.4,28.4,28.45,-1.3,633
1106,2023-03-17,4989,613683,17666803,28.5,29.4,28.5,28.65,0.2,365
1107,2023-03-20,4989,514567,15138658,28.9,29.75,28.7,29.55,0.9,395
1108,2023-03-21,4989,543490,16251163,29.65,30.2,29.65,29.85,0.3,430
1109,2023-03-22,4989,845669,25792342,30.3,31.1,30.1,30.1,0.25,875
1110,2023-03-23,4989,864179,26539966,30.5,31.3,30.35,30.4,0.3,754
1111,2023-03-24,4989,543944,16359012,30.9,30.9,29.8,29.8,-0.6,363
1112,2023-03-27,4989,689287,19885795,29.5,29.5,28.55,28.7,-1.1,549
1113,2023-03-28,4989,430006,12254416,29.0,29.05,28.25,28.3,-0.4,402
1114,2023-03-29,4989,287498,8175621,29.0,29.0,28.2,28.5,0.2,200
1115,2023-03-30,4989,157312,4490455,28.85,28.85,28.35,28.55,0.05,119
1116,2023-03-31,4989,170126,4882462,28.6,28.95,28.55,28.6,0.05,113
1117,2023-04-06,4989,187707,5337762,28.9,28.9,28.2,28.35,-0.25,158
1118,2023-04-07,4989,109833,3122636,28.65,28.65,28.35,28.45,0.1,98
1119,2023-04-10,4989,134511,3847212,28.7,28.8,28.4,28.8,0.35,123
1120,2023-04-11,4989,1298456,35352950,28.2,28.2,27.0,27.15,-1.65,1407
1121,2023-04-12,4989,418002,11424437,27.15,27.65,26.85,27.55,0.4,327
1122,2023-04-13,4989,161142,4391897,27.35,27.45,27.15,27.15,-0.4,153
1123,2023-04-14,4989,108415,2963482,27.2,27.45,27.2,27.25,0.1,91
1124,2023-04-17,4989,159035,4337072,27.1,27.35,27.1,27.3,0.05,191
1125,2023-04-18,4989,106318,2907142,27.5,27.5,27.3,27.35,0.05,109
1126,2023-04-20,4989,321860,8713897,27.5,27.6,26.8,26.8,-0.7,227
1127,2023-04-21,4989,227983,6065856,27.0,27.15,26.2,26.25,-0.55,176
1128,2023-04-24,4989,52762,1389611,26.2,26.6,25.9,26.35,0.1,57
1129,2023-04-25,4989,177897,4597684,26.35,26.4,25.5,25.6,-0.75,211
1130,2023-04-26,4989,78158,1988148,25.3,25.65,25.3,25.65,0.05,73
1131,2023-04-27,4989,75737,1943790,25.5,25.8,25.4,25.65,0.0,67
1132,2023-04-28,4989,85602,2229013,26.1,26.2,25.9,26.05,0.4,174
1133,2023-05-02,4989,147411,3879293,26.0,27.0,26.0,26.2,0.15,118
1134,2023-05-03,4989,88451,2306748,26.2,26.2,25.95,26.1,-0.1,99
1135,2023-05-04,4989,97335,2560909,26.3,26.45,26.15,26.2,0.1,118
1136,2023-05-08,4989,126867,3325054,26.4,26.4,26.1,26.2,-0.15,77
1137,2023-05-09,4989,141660,3652668,26.0,26.1,25.7,25.75,-0.45,142
1138,2023-05-10,4989,69002,1796116,25.9,26.2,25.9,26.05,0.3,47
1139,2023-05-11,4989,88511,2269563,26.05,26.1,25.4,25.8,-0.25,96
1140,2023-05-12,4989,36514,946027,25.8,25.95,25.8,25.95,0.15,50
1141,2023-05-15,4989,66262,1700547,25.7,25.9,25.45,25.65,-0.3,58
1142,2023-05-16,4989,116534,3018276,25.65,26.2,25.65,26.0,0.35,94
1143,2023-05-17,4989,125807,3288827,25.95,26.4,25.95,26.05,0.05,108
1144,2023-05-18,4989,72443,1891674,26.15,26.25,26.0,26.1,0.05,112
1145,2023-05-19,4989,51494,1334876,25.9,26.15,25.85,25.95,-0.15,70
1146,2023-05-22,4989,62113,1625615,25.95,26.3,25.95,26.25,0.3,59
1147,2023-05-23,4989,190114,5080562,26.25,26.9,26.25,26.7,0.45,203
1148,2023-05-25,4989,64729,1715712,26.5,26.6,26.45,26.5,-0.2,94
1149,2023-05-26,4989,75413,1995571,26.45,26.55,26.4,26.4,-0.1,65
1150,2023-05-29,4989,52356,1386133,26.4,26.7,26.4,26.5,0.1,46
1151,2023-05-30,4989,152743,3989092,26.45,26.45,26.0,26.15,-0.35,115
1152,2023-05-31,4989,39814,1040827,26.1,26.2,26.1,26.15,0.0,44
1153,2023-06-01,4989,50298,1315843,26.15,26.3,26.05,26.2,0.05,66
1154,2023-06-02,4989,112645,2952853,26.4,26.4,26.05,26.15,-0.05,83
1155,2023-06-05,4989,141798,3760155,26.5,26.7,26.35,26.65,0.5,131
1156,2023-06-06,4989,344251,9346348,26.65,27.6,26.6,27.0,0.35,277
1157,2023-06-07,4989,375916,10343084,27.0,27.8,27.0,27.55,0.55,243
1158,2023-06-08,4989,188725,5129219,27.55,27.55,27.0,27.0,-0.55,290
1159,2023-06-09,4989,92754,2529175,27.3,27.4,27.05,27.2,0.2,84
1160,2023-06-13,4989,129325,3542343,27.4,27.55,27.25,27.4,0.0,93
1161,2023-06-14,4989,109152,2980740,27.4,27.5,27.25,27.3,-0.1,102
1162,2023-06-15,4989,81706,2229251,27.25,27.55,27.15,27.5,0.2,89
1163,2023-06-16,4989,91171,2487822,27.6,27.6,27.1,27.2,-0.3,92
1164,2023-06-19,4989,76150,2057661,27.15,27.15,27.0,27.0,-0.2,60
1165,2023-06-20,4989,83107,2261487,27.1,27.35,27.05,27.1,0.1,60
1166,2023-06-21,4989,526308,14668540,27.2,28.2,27.2,27.95,0.85,392
1167,2023-06-26,4989,1081071,31131838,28.0,29.2,28.0,29.05,1.1,941
1168,2023-06-27,4989,589474,16761769,29.05,29.05,27.9,27.95,-1.1,444
1169,2023-06-28,4989,409547,11613815,28.7,29.25,27.8,27.8,-0.15,371
1170,2023-06-29,4989,254645,7091741,28.4,28.4,27.55,27.55,-0.25,253
1171,2023-06-30,4989,122705,3409101,27.5,28.0,27.5,28.0,0.45,93
1172,2023-07-03,4989,198050,5576466,28.1,28.35,28.05,28.25,0.25,143
1173,2023-07-04,4989,214526,6098450,28.45,28.8,28.1,28.25,0.0,169
1174,2023-07-05,4989,316094,8879500,28.45,28.8,27.75,27.75,-0.5,247
1175,2023-07-06,4989,256703,7083558,27.9,28.0,27.3,27.35,-0.4,246
1176,2023-07-07,4989,348564,9298608,27.05,27.1,26.25,26.45,-0.9,282
1177,2023-07-10,4989,164960,4366270,26.45,26.8,26.35,26.35,-0.1,111
1178,2023-07-11,4989,223950,5908870,26.4,26.65,26.2,26.4,0.05,134
1179,2023-07-12,4989,154724,4103683,26.5,26.8,26.4,26.4,0.0,86
1180,2023-07-13,4989,140207,3722611,26.55,26.8,26.25,26.25,-0.15,114
1181,2023-07-14,4989,147655,3955230,26.5,27.3,26.45,26.65,0.4,125
1182,2023-07-17,4989,98625,2640761,27.05,27.05,26.7,26.7,0.05,81
1183,2023-07-18,4989,177849,4716151,26.75,26.75,26.25,26.5,-0.2,138
1184,2023-07-19,4989,98525,2604480,26.7,26.7,26.35,26.35,-0.15,142
1185,2023-07-20,4989,202250,5352808,26.25,26.8,26.25,26.4,0.05,204
1186,2023-07-21,4989,239092,6383340,26.25,27.2,26.25,26.65,0.25,199
1187,2023-07-24,4989,3150952,90770363,27.0,29.3,26.5,29.3,2.65,1766
1188,2023-07-25,4989,8093154,247527955,30.0,32.0,28.6,32.0,2.7,5596
1189,2023-07-26,4989,2681082,82676808,32.4,32.4,29.5,29.85,-2.15,1783
1190,2023-07-27,4989,2315968,71905062,29.65,31.85,29.65,30.55,0.7,1784
1191,2023-07-28,4989,5096566,165146748,30.0,33.6,30.0,33.6,3.05,3404
1192,2023-07-31,4989,5439879,189869580,35.6,36.5,33.4,33.8,0.2,3273
1193,2023-08-01,4989,2506127,78556095,33.7,33.7,30.2,30.2,0.0,1621
1194,2023-08-02,4989,1970526,61555218,30.2,32.3,30.2,30.6,0.4,1417
1195,2023-08-04,4989,821678,24682892,30.35,30.65,29.05,30.5,-0.1,599
1196,2023-08-07,4989,560469,17232819,30.9,31.25,29.95,30.75,0.25,419
1197,2023-08-08,4989,458460,13908471,30.75,31.4,29.65,29.95,-0.8,367
1198,2023-08-09,4989,205776,6170583,30.0,30.45,29.6,29.6,-0.35,216
1199,2023-08-10,4989,515883,14799847,29.5,29.95,28.0,28.6,-1.0,379
1200,2023-08-11,4989,401510,11337504,28.9,29.0,27.55,28.1,-0.5,295
1201,2023-08-14,4989,473487,12814445,27.65,27.95,26.75,26.8,-1.3,307
1202,2023-08-15,4989,320671,8683207,27.0,27.65,26.65,27.05,0.25,218
1203,2023-08-16,4989,227915,6146146,26.95,27.4,26.35,27.15,0.1,178
1204,2023-08-17,4989,179950,4877449,26.8,27.4,26.6,27.15,0.0,139
1205,2023-08-18,4989,407978,10815989,26.8,27.3,26.1,26.1,-1.05,265
1206,2023-08-21,4989,210264,5518279,26.5,26.5,26.1,26.1,0.0,132
1207,2023-08-22,4989,300004,7804645,26.45,26.5,25.6,25.75,-0.35,236
1208,2023-08-23,4989,246695,6340282,25.6,26.05,25.5,25.5,-0.25,177
1209,2023-08-24,4989,368279,9365286,25.6,26.05,25.05,25.1,-0.4,269
1210,2023-08-25,4989,119067,2986804,25.1,25.3,24.75,25.25,0.15,97
1211,2023-08-28,4989,317385,7890595,25.25,25.25,24.6,24.6,-0.65,289
1212,2023-08-29,4989,161089,3968193,24.8,24.85,24.5,24.55,-0.05,126
1213,2023-08-30,4989,438283,11142660,25.1,26.0,24.85,25.4,0.85,263
1214,2023-08-31,4989,174150,4465097,25.3,25.8,25.3,25.65,0.25,146
1215,2023-09-01,4989,83944,2159382,25.55,25.9,25.55,25.7,0.05,74
1216,2023-09-04,4989,245964,6360856,25.85,26.0,25.6,25.7,0.0,315
1217,2023-09-05,4989,795537,21364413,25.6,27.7,25.6,27.35,1.65,578
1218,2023-09-06,4989,462201,12547316,27.4,27.75,26.75,26.95,-0.4,402
1219,2023-09-07,4989,256428,6799544,27.1,27.1,26.2,26.3,-0.65,207
1220,2023-09-08,4989,180040,4654547,26.05,26.05,25.75,25.8,-0.5,156
1221,2023-09-11,4989,304983,7680999,25.8,25.8,24.9,25.0,-0.8,232
1222,2023-09-12,4989,176908,4481512,25.0,25.6,25.0,25.4,0.4,107
1223,2023-09-13,4989,101711,2591287,25.4,25.7,25.35,25.55,0.15,81
1224,2023-09-14,4989,212521,5559969,25.7,26.5,25.7,26.1,0.55,159
1225,2023-09-15,4989,139052,3649356,26.4,26.6,26.0,26.1,0.0,111
1226,2023-09-18,4989,84695,2212962,26.0,26.2,26.0,26.0,-0.1,60
1227,2023-09-19,4989,119519,3124367,26.15,26.3,25.95,25.95,-0.05,102
1228,2023-09-20,4989,119527,3100548,26.25,26.25,25.7,25.7,-0.25,135
1229,2023-09-21,4989,95509,2430679,25.55,25.6,25.3,25.4,-0.3,82
1230,2023-09-22,4989,53168,1356722,25.3,25.75,25.3,25.5,0.1,52
1231,2023-09-25,4989,78019,2025553,25.65,26.1,25.65,26.0,0.5,53
1232,2023-09-26,4989,52051,1331951,25.95,25.95,25.4,25.4,-0.6,40
1233,2023-09-27,4989,42502,1075674,25.2,25.45,25.15,25.3,-0.1,104
1234,2023-09-28,4989,84342,2153412,25.5,25.85,25.35,25.55,0.25,71
1235,2023-10-02,4989,585372,15566854,26.0,26.9,26.0,26.7,1.15,376
1236,2023-10-03,4989,402437,10866337,26.7,27.4,26.6,26.9,0.2,307
1237,2023-10-04,4989,574018,15695665,26.75,28.2,26.25,27.8,0.9,396
1238,2023-10-05,4989,498778,13886783,27.85,28.65,27.2,27.2,-0.6,469
1239,2023-10-06,4989,237348,6399948,27.2,27.25,26.8,26.8,-0.4,165
1240,2023-10-11,4989,1429534,40635389,27.3,29.35,27.3,28.35,1.55,1094
1241,2023-10-12,4989,353972,9955158,28.35,28.45,27.6,28.25,-0.1,288
1242,2023-10-13,4989,187648,5254261,28.1,28.45,27.8,27.85,-0.4,160
1243,2023-10-16,4989,250316,6833928,27.85,27.85,27.0,27.0,-0.85,220
1244,2023-10-17,4989,160953,4330091,27.2,27.45,26.5,26.55,-0.45,133
1245,2023-10-18,4989,166872,4404980,26.7,27.0,26.15,26.3,-0.25,143
1246,2023-10-19,4989,96810,2542214,26.4,26.65,26.1,26.15,-0.15,78
1247,2023-10-20,4989,128714,3348165,26.05,26.3,25.7,26.15,0.0,150
1248,2023-10-23,4989,48132,1266217,26.0,26.55,26.0,26.45,0.3,46
1249,2023-10-24,4989,47962,1268038,26.5,26.6,26.3,26.3,-0.15,51
1250,2023-10-25,4989,64402,1717500,26.4,26.8,26.4,26.6,0.3,64
1251,2023-10-26,4989,128422,3331430,26.2,26.25,25.5,25.75,-0.85,150
1252,2023-10-27,4989,150843,3891175,26.05,26.05,25.7,25.7,-0.05,103
1253,2023-10-30,4989,30710,794615,25.9,26.0,25.7,25.8,0.1,31
1254,2023-10-31,4989,116914,2974845,25.95,26.15,25.0,25.2,-0.6,134
1255,2023-11-01,4989,56970,1448390,25.25,25.65,25.25,25.4,0.2,54
1256,2023-11-02,4989,98466,2557632,25.5,26.35,25.5,25.85,0.45,76
1257,2023-11-03,4989,48560,1253201,26.0,26.0,25.7,25.75,-0.1,67
1258,2023-11-06,4989,95947,2509224,26.2,26.3,26.0,26.1,0.35,62
1259,2023-11-07,4989,36057,939998,26.05,26.2,25.9,26.2,0.1,102
1260,2023-11-08,4989,52281,1374659,26.05,26.45,26.05,26.2,0.0,54
1261,2023-11-09,4989,44081,1144245,26.0,26.0,25.9,26.0,-0.2,36
1262,2023-11-10,4989,82982,2129942,26.0,26.0,25.45,25.5,-0.5,142
1263,2023-11-13,4989,242496,6062089,25.25,25.45,24.75,24.85,-0.65,237
1264,2023-11-14,4989,134253,3341950,24.85,25.1,24.7,25.0,0.15,135
1265,2023-11-15,4989,132049,3305721,25.0,25.35,24.85,25.05,0.05,131
1266,2023-11-16,4989,44686,1118810,25.05,25.1,24.95,25.0,-0.05,52
1267,2023-11-17,4989,78800,1970430,25.0,25.2,24.85,25.05,0.05,96
1268,2023-11-20,4989,120628,3037756,24.9,25.7,24.9,25.25,0.2,175
1269,2023-11-21,4989,214463,5515134,25.2,25.95,25.2,25.7,0.45,162
1270,2023-11-22,4989,70803,1817521,25.7,25.7,25.6,25.65,-0.05,154
1271,2023-11-23,4989,104272,2689452,26.0,26.1,25.6,25.75,0.1,100
1272,2023-11-24,4989,73398,1870738,25.75,25.75,25.4,25.6,-0.15,102
1273,2023-11-27,4989,43322,1105105,25.55,25.55,25.45,25.5,-0.1,47
1274,2023-11-28,4989,92546,2371470,25.6,25.8,25.45,25.7,0.2,102
1275,2023-11-29,4989,106757,2769851,25.85,26.25,25.8,25.8,0.1,120
1276,2023-11-30,4989,105514,2703541,25.8,25.8,25.55,25.55,-0.25,108
1277,2023-12-01,4989,108801,2788026,25.95,25.95,25.5,25.6,0.05,94
1278,2023-12-04,4989,311476,8113167,25.6,26.25,25.6,26.1,0.5,273
1279,2023-12-05,4989,91066,2369684,26.1,26.1,25.9,26.05,-0.05,125
1280,2023-12-06,4989,164677,4334371,26.0,26.5,26.0,26.45,0.4,178
1281,2023-12-07,4989,229943,6082419,26.75,26.75,26.2,26.2,-0.25,279
1282,2023-12-08,4989,101306,2667394,26.25,26.4,26.25,26.3,0.1,90
1283,2023-12-11,4989,74329,1948856,26.6,26.6,26.05,26.25,-0.05,71
1284,2023-12-12,4989,102406,2648968,26.2,26.2,25.75,25.75,-0.5,147
1285,2023-12-13,4989,239626,6145135,25.9,26.0,25.35,25.35,-0.4,169
1286,2023-12-14,4989,109126,2796127,25.45,25.9,25.45,25.65,0.3,147
1287,2023-12-15,4989,118802,3051190,25.7,25.9,25.5,25.8,0.15,95
1288,2023-12-18,4989,81490,2085265,25.8,25.9,25.4,25.45,-0.35,73
1289,2023-12-19,4989,73193,1851505,25.45,25.6,25.1,25.35,-0.1,78
1290,2023-12-20,4989,58072,1470011,25.35,25.4,25.2,25.4,0.05,113
1291,2023-12-21,4989,82504,2111700,25.45,25.9,25.25,25.55,0.15,123
1292,2023-12-22,4989,31649,805109,25.55,25.55,25.35,25.35,-0.2,65
1293,2023-12-25,4989,54230,1369399,25.4,25.4,25.2,25.25,-0.1,47
1294,2023-12-26,4989,65832,1663137,25.15,25.4,25.15,25.4,0.15,66
1295,2023-12-27,4989,77918,1974030,25.7,25.7,25.2,25.4,0.0,57
1296,2023-12-28,4989,106020,2693148,25.4,25.55,25.25,25.5,0.1,131
1297,2023-12-29,4989,71170,1794012,25.4,25.4,25.1,25.25,-0.25,74
1298,2024-01-02,4989,69103,1748399,25.2,25.45,25.2,25.35,0.1,47
1299,2024-01-03,4989,220910,5683694,25.5,25.9,25.35,25.85,0.5,183
1300,2024-01-04,4989,1266302,34211030,26.0,27.65,26.0,26.6,0.75,930
1301,2024-01-05,4989,1074320,29467176,26.75,28.05,26.35,27.7,1.1,900
1302,2024-01-08,4989,465354,12687152,27.95,28.0,26.8,26.9,-0.8,451
1303,2024-01-09,4989,324818,8665266,27.05,27.6,26.15,26.4,-0.5,271
1304,2024-01-10,4989,185115,4804222,26.3,26.3,25.8,25.8,-0.6,266
1305,2024-01-11,4989,467310,12383916,26.25,26.95,26.0,26.3,0.5,331
1306,2024-01-12,4989,827818,22591624,26.25,27.9,26.25,27.05,0.75,810
1307,2024-01-15,4989,305976,8343051,27.2,28.0,26.65,26.65,-0.4,428
1308,2024-01-16,4989,287137,7526759,26.7,26.7,26.0,26.15,-0.5,260
1309,2024-01-17,4989,149333,3893981,26.1,26.3,25.8,25.8,-0.35,191
1310,2024-01-18,4989,92813,2419506,25.95,26.4,25.85,26.0,0.2,80
1311,2024-01-19,4989,145465,3814607,26.1,26.5,26.05,26.1,0.1,134
1312,2024-01-22,4989,266478,7128051,26.65,27.2,26.35,26.75,0.65,212
1313,2024-01-23,4989,205089,5537473,27.0,27.3,26.7,26.7,-0.05,227
1314,2024-01-24,4989,114638,3057726,26.8,26.8,26.55,26.55,-0.15,197
1315,2024-01-25,4989,176892,4635263,26.75,26.75,25.95,25.95,-0.6,312
1316,2024-01-26,4989,97166,2515359,25.9,26.1,25.7,25.8,-0.15,122
1317,2024-01-29,4989,69317,1802782,25.8,26.2,25.8,26.0,0.2,68
1318,2024-01-30,4989,112715,2915549,26.0,26.1,25.6,25.85,-0.15,123
1319,2024-01-31,4989,160481,4127931,25.85,25.85,25.55,25.6,-0.25,118
1320,2024-02-01,4989,148648,3815976,25.6,25.95,25.6,25.6,0.0,198
1321,2024-02-02,4989,76089,1966421,26.1,26.1,25.65,25.65,0.05,115
1322,2024-02-05,4989,115030,2967789,25.8,26.05,25.5,26.05,0.4,112
1323,2024-02-15,4989,105881,2752499,26.5,26.5,25.85,25.95,-0.1,94
1324,2024-02-16,4989,251002,6500101,26.05,26.2,25.7,25.9,-0.05,359
1325,2024-02-19,4989,403046,10706399,26.0,27.2,25.95,26.7,0.8,375
1326,2024-02-20,4989,408378,10923280,26.8,27.2,26.3,26.5,-0.2,307
1327,2024-02-21,4989,272509,7283342,26.8,27.0,26.4,26.85,0.35,200
1328,2024-02-22,4989,214137,5742720,26.95,27.0,26.7,26.8,-0.05,212
1329,2024-02-23,4989,225841,6034640,26.8,26.95,26.5,26.55,-0.25,201
1330,2024-02-26,4989,326556,8819330,26.85,27.35,26.7,26.8,0.25,226
1331,2024-02-27,4989,219500,5873515,27.1,27.15,26.35,26.7,-0.1,160
1332,2024-02-29,4989,65626,1756005,26.7,26.95,26.7,26.7,0.0,134
1333,2024-03-01,4989,136049,3616598,26.95,26.95,26.45,26.5,-0.2,106
1334,2024-03-04,4989,140181,3687053,26.5,26.6,26.15,26.2,-0.3,133
1335,2024-03-05,4989,123938,3226348,26.3,26.35,25.95,25.95,-0.25,136
1336,2024-03-06,4989,144269,3736020,25.95,26.1,25.8,25.8,-0.15,217
1337,2024-03-07,4989,114705,2980059,26.0,26.2,25.85,25.9,0.1,117
1338,2024-03-08,4989,227318,5787489,25.85,25.85,25.15,25.25,-0.65,204
1339,2024-03-11,4989,124530,3138747,25.0,25.35,25.0,25.15,-0.1,173
1340,2024-03-12,4989,138764,3520073,25.2,25.5,25.2,25.35,0.2,200
1341,2024-03-13,4989,126515,3185860,25.5,25.5,25.0,25.1,-0.25,147
1342,2024-03-14,4989,147015,3715237,25.2,25.5,25.0,25.0,-0.1,190
1343,2024-03-15,4989,365554,8924913,24.9,25.0,23.95,24.1,-0.9,449
1344,2024-03-18,4989,237199,5640494,24.0,24.65,23.5,23.75,-0.35,320
1345,2024-03-19,4989,144527,3400907,23.8,23.8,23.3,23.55,-0.2,211
1346,2024-03-20,4989,196793,4639253,23.75,24.0,23.4,23.85,0.3,167
1347,2024-03-21,4989,131284,3146509,23.85,24.15,23.85,23.9,0.05,184
1348,2024-03-22,4989,75283,1804405,23.9,24.1,23.8,23.9,0.0,81
1349,2024-03-25,4989,82307,1977496,23.9,24.15,23.8,24.15,0.25,97
1350,2024-03-26,4989,93883,2234680,24.15,24.15,23.5,23.7,-0.45,148
1351,2024-03-27,4989,107381,2546519,23.7,24.0,23.55,23.7,0.0,128
1352,2024-03-28,4989,113151,2693157,23.85,24.35,23.55,23.55,-0.15,149
1353,2024-03-29,4989,63134,1493046,24.05,24.1,23.5,23.55,0.0,111
